ISO3,Country,Continent,Hemisphere,HDI Rank (2021),"Labour force participation rate, male (% ages 15 and older) (1990)","Labour force participation rate, male (% ages 15 and older) (1991)","Labour force participation rate, male (% ages 15 and older) (1992)","Labour force participation rate, male (% ages 15 and older) (1993)","Labour force participation rate, male (% ages 15 and older) (1994)","Labour force participation rate, male (% ages 15 and older) (1995)","Labour force participation rate, male (% ages 15 and older) (1996)","Labour force participation rate, male (% ages 15 and older) (1997)","Labour force participation rate, male (% ages 15 and older) (1998)","Labour force participation rate, male (% ages 15 and older) (1999)","Labour force participation rate, male (% ages 15 and older) (2000)","Labour force participation rate, male (% ages 15 and older) (2001)","Labour force participation rate, male (% ages 15 and older) (2002)","Labour force participation rate, male (% ages 15 and older) (2003)","Labour force participation rate, male (% ages 15 and older) (2004)","Labour force participation rate, male (% ages 15 and older) (2005)","Labour force participation rate, male (% ages 15 and older) (2006)","Labour force participation rate, male (% ages 15 and older) (2007)","Labour force participation rate, male (% ages 15 and older) (2008)","Labour force participation rate, male (% ages 15 and older) (2009)","Labour force participation rate, male (% ages 15 and older) (2010)","Labour force participation rate, male (% ages 15 and older) (2011)","Labour force participation rate, male (% ages 15 and older) (2012)","Labour force participation rate, male (% ages 15 and older) (2013)","Labour force participation rate, male (% ages 15 and older) (2014)","Labour force participation rate, male (% ages 15 and older) (2015)","Labour force participation rate, male (% ages 15 and older) (2016)","Labour force participation rate, male (% ages 15 and older) (2017)","Labour force participation rate, male (% ages 15 and older) (2018)","Labour force participation rate, male (% ages 15 and older) (2019)","Labour force participation rate, male (% ages 15 and older) (2020)","Labour force participation rate, male (% ages 15 and older) (2021)"
AFG,Afghanistan,Asia,Northern Hemisphere,180,77.43,77.176,76.871,76.58,76.33,76.102,76.14,76.262,76.415,76.549,76.646,76.589,76.491,76.393,76.332,76.318,76.422,76.567,76.712,76.813,76.842,76.659,76.42,75.588,74.737,73.875,73.045,72.183,72.023,71.863,65.58,66.515
AGO,Angola,Africa,Southern Hemisphere,148,79.292,79.367,79.405,79.409,79.381,79.321,79.335,79.31,79.252,79.167,79.064,79.055,79.017,78.961,78.901,78.85,78.897,78.93,78.955,78.97,78.972,79.883,79.922,79.93,79.912,79.865,79.827,79.756,79.653,79.519,78.798,79.071
ALB,Albania,Europe,Northern Hemisphere,67,72.51,75.143,75.858,75.222,74.68,73.768,73.023,73.726,72.917,71.884,71.298,70.702,70.424,68.96,67.465,65.93,64.357,62.75,61.114,64.292,63.788,67.483,65.197,61.18,62.984,63.957,64.8,66.44,67.247,67.742,65.631,66.154
AND,Andorra,Europe,Northern Hemisphere,40,,,,,,,,,,,,,,,,,,,,,,,,,,,,,,,,
ARE,United Arab Emirates,Asia,Northern Hemisphere,26,91.714,91.894,91.989,92.196,92.168,92.137,92.143,92.114,92.053,91.969,91.865,91.968,92.077,92.054,91.767,91.243,90.443,89.732,89.251,89.056,89.125,89.472,89.976,90.557,91.098,91.509,91.697,91.559,90.621,90.686,87.191,88.003
ARG,Argentina,America,Southern Hemisphere,47,74.389,74.812,75.107,75.38,75.522,75.197,75.358,75.66,75.746,75.441,75.28,74.897,74.102,74.491,74.871,74.895,74.794,74.266,73.729,73.66,73.601,74.266,73.538,73.135,72.283,71.749,71.213,70.674,70.717,71.223,66.141,71.603
ARM,Armenia,Asia,Northern Hemisphere,85,62.743,62.786,62.842,62.909,62.98,63.051,63.099,63.141,63.175,63.198,63.213,63.204,63.188,63.172,63.161,63.159,63.164,63.18,62.899,63.56,67.615,67.583,67.734,67.879,67.158,66.578,66.175,65.681,65.243,65.303,62.425,63.004
ATG,Antigua and Barbuda,America,Northern Hemisphere,71,,,,,,,,,,,,,,,,,,,,,,,,,,,,,,,,
AUS,Australia,Oceania,Southern Hemisphere,5,75.544,74.596,74.086,73.511,73.569,73.776,73.543,72.951,72.644,72.172,72.031,71.798,71.724,71.49,71.453,72.035,72.187,72.458,72.563,72.247,72.305,72.116,71.675,71.347,70.906,71.05,70.558,70.647,70.921,71.084,69.997,70.547
AUT,Austria,Europe,Northern Hemisphere,25,69.381,69.573,69.635,69.303,70.565,70.479,69.807,69.078,69.241,69.324,68.834,67.881,68.014,68.204,65.102,66.396,66.729,67.569,67.461,67.316,67.089,66.889,66.915,66.92,66.416,66.398,66.795,66.811,67.106,66.994,66.147,66.283
AZE,Azerbaijan,Asia,Northern Hemisphere,91,78.281,78.395,79.913,81.664,83.257,84.238,84.222,83.888,83.281,82.843,82.177,80.067,78.021,76.257,74.101,72.997,71.794,72.335,71.027,68.534,67.838,67.523,67.638,67.957,68.362,68.685,69.719,70.055,70.178,69.776,66.57,67.342
BDI,Burundi,Africa,Southern Hemisphere,187,90.065,89.494,88.893,88.263,87.601,86.909,86.185,85.429,84.64,84.277,83.907,83.529,83.144,82.752,82.352,81.945,81.531,81.109,80.68,80.243,79.799,79.348,78.888,78.421,77.947,77.991,78.014,78.011,77.981,77.925,77.185,77.379
BEL,Belgium,Europe,Northern Hemisphere,13,60.964,61.324,61.099,60.574,61.164,61.189,60.895,60.645,60.628,61.211,61.484,60.479,60.338,60.257,60.274,61.356,60.829,61.06,60.831,60.358,60.779,59.704,59.734,59.665,59.228,58.885,58.713,59.176,59.045,59.119,58.481,58.812
BEN,Benin,Africa,Northern Hemisphere,166,88.886,88.849,88.77,87.82,86.861,85.89,84.91,83.914,82.899,81.862,80.801,79.714,78.602,78.117,77.634,77.153,76.675,76.197,75.717,75.236,74.753,74.267,74.16,74.031,73.887,73.733,73.604,73.456,73.289,73.106,72.41,72.599
BFA,Burkina Faso,Africa,Northern Hemisphere,184,88.908,88.966,88.788,88.607,88.423,88.234,88.042,87.846,87.644,87.435,87.219,86.993,86.757,86.51,86.251,85.979,85.693,84.4,83.058,81.666,80.225,78.733,77.191,75.599,73.957,73.832,73.712,73.581,73.434,73.266,72.559,72.725
BGD,Bangladesh,Asia,Northern Hemisphere,129,88.919,88.816,88.707,88.589,88.463,88.327,88.082,87.827,87.565,87.298,87.031,86.805,86.59,86.389,86.198,86.016,85.863,85.247,84.62,83.973,83.3,82.588,81.853,81.099,80.332,79.557,78.78,80.135,80.075,80.012,78.562,78.782
BGR,Bulgaria,Europe,Northern Hemisphere,68,60.062,60.403,60.704,60.149,59.59,59.027,58.46,57.889,57.313,56.734,56.149,56.692,55.973,55.467,56.061,55.392,56.624,58.14,59.726,58.954,59.425,58.211,58.721,59.641,60.086,60.004,59.447,61.651,61.914,63.393,62.428,62.636
BHR,Bahrain,Asia,Northern Hemisphere,35,88.868,88.387,88.923,88.549,88.212,87.959,87.847,87.628,87.398,87.011,86.626,85.708,85.872,85.994,86.099,86.203,86.256,86.35,86.528,86.819,87.216,86.347,86.592,86.846,87.005,87.009,86.72,86.336,86.048,85.837,83.235,83.531
BHS,Bahamas,America,Northern Hemisphere,55,79.047,79.545,80.036,80.521,81.002,78.512,79.648,79.491,81.355,83.128,82.434,81.718,81.49,81.107,80.716,80.235,79.748,79.253,78.749,78.235,76.767,75.262,79.683,75.974,75.846,75.746,75.652,75.612,75.564,75.517,69.839,71.486
BIH,Bosnia and Herzegovina,Europe,Northern Hemisphere,74,58.93,59.394,59.636,59.716,59.49,59.176,58.888,58.68,58.379,57.735,57.375,57.09,56.758,56.511,56.154,55.676,55.389,56.785,55.964,55.234,55.941,55.266,55.785,54.909,54.517,54.904,54.67,52.799,53.01,51.253,53.07,52.351
BLR,Belarus,Europe,Northern Hemisphere,60,65.035,65.087,65.545,65.925,66.536,67.092,66.922,66.337,65.91,65.725,66.044,66.367,66.691,67.015,67.338,67.66,67.98,68.299,68.615,68.929,69.241,69.55,69.856,70.159,70.461,70.761,71.059,71.412,72.131,71.594,71.586,71.387
BLZ,Belize,America,Northern Hemisphere,123,77.83,77.724,77.642,77.614,77.624,78.202,78.738,79.248,77.953,79.107,79.084,79.074,79.061,79.045,79.033,79.024,79.019,79.02,79.02,79.014,79,78.983,78.957,78.924,79.753,79.657,79.555,79.542,79.353,79.223,75.91,76.752
BOL,Bolivia,America,Southern Hemisphere,118,81.631,81.732,81.66,81.685,81.723,81.764,81.819,81.894,81.795,81.696,81.596,81.675,81.751,81.825,81.897,81.969,82.04,82.256,81.609,81.638,81.866,82.096,79.597,79.835,81.59,79.586,77.808,78.161,80.055,80.686,74.279,83.765
BRA,Brazil,America,Southern Hemisphere,87,81.762,81.65,81.203,80.742,80.268,79.784,77.688,78.379,77.915,77.772,77.473,77.168,77.218,76.863,77.203,77.367,76.859,76.458,76.432,76.352,75.451,74.525,74.109,73.978,73.601,73.295,72.985,72.628,72.267,72.298,67.394,68.24
BRB,Barbados,America,Northern Hemisphere,70,75.478,73.096,73.862,74.212,74.558,74.311,73.302,73.898,74.16,74.815,75.394,75.962,74.806,75.138,75.494,75.221,73.562,74.329,73.322,72.342,71.826,72.671,71.918,71.985,67.656,67.421,69.352,68.605,68.055,65.867,63.444,63.727
BRN,Brunei,Asia,Northern Hemisphere,51,82.333,82.25,81.916,81.597,81.301,81.029,80.802,80.582,80.344,80.065,79.734,79.309,78.967,78.607,78.239,77.87,77.513,77.15,76.787,76.426,76.065,75.706,74.555,73.391,72.217,71.035,69.845,68.643,72.786,72.912,72.515,72.339
BTN,Bhutan,Asia,Northern Hemisphere,127,81.828,81.633,81.416,81.18,80.936,80.692,80.324,79.905,79.442,78.934,78.386,77.688,76.984,76.305,75.665,75.079,74.588,74.109,73.644,73.198,72.291,71.745,65.495,71.389,70.04,70.119,69.963,69.883,69.839,69.78,66.82,67.397
BWA,Botswana,Africa,Southern Hemisphere,117,74.449,73.954,73.478,72.985,72.423,71.774,71.197,70.518,69.777,68.648,67.511,67.241,66.977,66.715,66.453,66.191,65.927,67.083,68.222,69.35,66.097,65.94,65.787,65.633,65.47,65.295,65.096,64.89,64.682,64.475,65.494,65.148
CAF,Central African Republic,Africa,Northern Hemisphere,188,79.704,79.725,79.705,79.654,79.572,79.461,79.484,79.485,79.459,79.401,79.311,79.413,79.461,79.471,79.462,79.444,79.591,79.717,79.812,79.857,79.839,80.111,80.329,80.49,80.602,80.676,80.491,80.264,80.003,79.724,79.198,79.486
CAN,Canada,America,Northern Hemisphere,15,76.109,75.029,73.853,73.309,73.095,72.45,72.157,72.223,72.125,72.389,72.346,72.276,73.01,73.414,73.169,72.797,72.32,72.53,72.725,71.899,71.551,71.397,71.01,70.875,70.562,70.599,70.27,70.161,69.637,70.093,68.645,69.741
CHE,Switzerland,Europe,Northern Hemisphere,1,80.358,80.857,80.224,80.282,79.251,79.034,79.019,78.629,78.493,78.217,77.779,77.39,76.708,76.793,75.963,75.099,75.407,75.769,75.461,75.244,74.347,74.678,74.488,74.188,74.138,74.219,74.491,74.459,74.226,73.639,73.384,72.705
CHL,Chile,America,Southern Hemisphere,42,74.819,75.321,76.061,76.419,76.647,77.168,77.519,76.713,76.591,76.121,75.012,74.183,73.443,73.076,72.332,72.058,73.169,73.13,73.539,72.664,72.424,73.006,72.199,72.119,71.908,71.806,71.56,71.566,70.847,70.125,66.495,65.547
CHN,China,Asia,Northern Hemisphere,79,85.033,84.827,84.62,84.411,84.199,83.986,83.77,83.553,83.332,83.109,82.883,82.441,81.989,81.528,81.057,80.577,80.087,79.588,79.079,78.56,78.033,78.068,77.71,77.351,77.116,76.866,76.489,75.992,75.477,75.063,74.47,74.29
CIV,Ivory Coast,Africa,Northern Hemisphere,159,81.371,81.327,81.206,81.03,80.827,80.614,80.651,80.662,80.648,79.968,79.278,78.579,77.87,77.149,76.415,75.666,74.905,74.128,73.337,72.533,71.715,70.887,70.046,69.192,68.326,67.449,66.561,65.663,65.492,65.325,64.717,64.893
CMR,Cameroon,Africa,Northern Hemisphere,151,87.719,87.772,87.785,87.76,87.692,87.58,87.506,87.388,87.233,87.057,86.874,86.764,86.65,86.534,86.414,86.292,86.25,86.185,84.922,83.558,82.087,82.057,82.017,81.964,81.892,81.795,81.702,81.582,81.437,81.271,80.497,80.747
COD,The Democratic Republic of the Congo,Africa,Northern Hemisphere,179,73.237,73.368,73.471,73.548,73.577,73.528,73.646,73.696,73.687,73.651,73.617,73.7,73.757,73.798,73.824,73.836,73.268,72.693,72.11,71.52,70.922,70.316,69.703,69.737,69.736,69.698,69.698,69.645,69.546,69.408,68.843,69.065
COG,Congo,Africa,Southern Hemisphere,153,71.582,71.347,71.08,70.797,70.524,70.273,70.056,69.857,69.677,69.508,69.349,69.283,69.206,69.131,69.076,69.051,68.994,68.959,68.938,68.907,68.849,69.042,69.179,69.265,69.31,69.316,69.244,69.125,68.961,68.755,67.294,67.605
COL,Colombia,America,Northern Hemisphere,88,83.247,83.215,83.278,83.393,83.511,83.583,83.529,83.507,83.344,82.962,82.918,82.794,81.76,82.042,80.852,80.438,79.765,78.299,78.476,80.584,81.038,81.608,81.938,81.318,81.466,81.555,81.017,80.777,80.492,79.671,75.89,77.998
COM,Comoros,Africa,Southern Hemisphere,156,53.508,53.518,53.479,53.391,53.25,53.055,52.85,52.611,52.335,52.026,51.686,51.399,51.083,50.751,50.424,51.009,51.594,52.179,52.764,53.349,53.934,54.519,55.104,55.688,56.273,56.064,55.896,55.689,55.45,55.193,54.358,54.534
CPV,Cabo Verde,Africa,Northern Hemisphere,128,84.883,84.289,83.684,83.066,82.428,81.763,81.077,80.35,79.572,78.74,77.853,76.946,76.011,75.06,74.116,73.193,72.474,71.796,71.158,70.555,69.986,69.331,68.744,68.21,67.707,67.209,66.701,66.211,62.248,64.664,60.608,61.705
CRI,Costa Rica,America,Northern Hemisphere,58,81.936,79.81,78.89,79.768,79.616,80.764,78.179,79.474,80.295,79.818,79.491,79.976,79.38,79.6,78.888,79.727,79.14,79.724,78.233,76.807,74.63,73.706,75.885,74.828,75.645,74.151,71.955,72.6,74.159,74.335,71.114,71.142
CUB,Cuba,America,Northern Hemisphere,83,68.787,68.864,68.947,69.069,69.023,68.981,68.823,68.784,68.805,68.728,68.607,68.547,68.451,68.292,68.128,67.926,67.748,67.692,67.725,69.102,68.423,69.831,69.846,69.87,69.951,69.975,70.137,70.272,70.398,70.558,67.769,68.454
CYP,Cyprus,Asia,Northern Hemisphere,29,76.337,76.784,75.388,74.967,74.541,74.106,73.669,73.224,72.77,72.307,71.836,71.97,71.606,72.803,72.842,73.33,72.943,73.228,72.818,71.116,71.066,70.391,70.305,69.896,69.218,67.116,66.39,66.665,67.645,68.689,69.065,68.766
CZE,Czechia,Europe,Northern Hemisphere,32,71.131,71.303,71.306,71.298,71.434,71.463,71.437,70.561,70.257,70.002,69.286,68.829,68.838,68.248,68.085,68.722,68.573,68.341,68.218,68.325,68.042,67.512,67.685,68.076,68.198,68.015,68.386,68.545,68.723,68.54,68.137,68.064
DEU,Germany,Europe,Northern Hemisphere,9,71.957,71.805,70.594,69.96,69.43,68.595,68.17,67.891,67.65,67.416,66.678,66.23,65.711,65.392,64.77,66.179,66.347,66.273,66.332,66.209,66.046,66.516,66.433,66.411,66.324,65.88,66.595,66.724,66.812,67.456,66.54,66.041
DJI,Djibouti,Africa,Northern Hemisphere,171,58.089,58.14,57.896,57.454,57.025,56.739,56.324,56.054,55.853,55.577,55.152,54.918,54.556,54.065,53.475,52.798,51.716,50.573,49.439,48.402,47.523,47.046,46.704,46.449,46.203,45.918,45.72,45.442,45.125,44.83,44.236,44.147
DMA,Dominica,America,Northern Hemisphere,102,,,,,,,,,,,,,,,,,,,,,,,,,,,,,,,,
DNK,Denmark,Europe,Northern Hemisphere,6,75.092,74.241,74.076,73.119,70.718,72.046,71.905,72.116,71.075,71.792,71.067,70.854,71.251,71.451,71.68,71.097,71.105,70.938,70.427,69.288,68.294,67.644,66.591,65.349,65.612,66.02,65.837,65.923,66.176,66.858,66.393,66.653
DOM,Dominican Republic,America,Northern Hemisphere,80,78.642,78.562,78.427,78.32,78.253,78.157,78.06,77.919,77.786,77.65,77.521,76.407,75.278,74.231,74.662,73.557,74.115,74.271,73.465,72.157,71.914,72.842,73.853,73.666,73.919,76.099,76.328,75.982,77.529,78.089,73.59,75.162
DZA,Algeria,Africa,Northern Hemisphere,91,76.461,76.849,76.943,77.423,77.774,77.656,77.486,76.782,76.079,75.382,74.69,74.019,73.349,72.68,72.011,71.338,70.662,69.985,69.305,68.61,68.948,65.655,67.9,69.51,66.397,66.832,66.51,66.574,66.626,66.726,64.023,64.48
ECU,Ecuador,America,Southern Hemisphere,95,79.362,79.38,79.294,79.203,79.226,79.153,79.071,80.169,81.265,81.359,81.453,81.548,81.643,81.738,82.436,82.278,83.441,81.825,81.313,78.597,77.595,76.743,77.065,76.633,77.803,79.643,80.137,80.328,79.042,78.153,72.076,76.519
EGY,Egypt,Africa,Northern Hemisphere,97,71.549,71.629,71.699,73.747,74.852,74.262,73.664,73.064,72.455,74.669,72.154,69.6,68.242,69.349,70.444,71.529,72.606,72.445,73.112,72.782,75.441,74.941,74.37,73.768,72.986,71.064,70.168,67.725,68.18,68.482,66.973,67.088
ERI,Eritrea,Africa,Northern Hemisphere,176,88.87,89.309,89.734,90.141,90.519,90.849,90.628,90.329,89.969,89.594,89.248,88.307,87.433,86.625,85.877,85.203,85.235,85.299,85.401,85.549,85.726,86.136,86.497,86.816,87.1,87.346,87.209,87.146,87.083,86.932,82.578,83.622
ESP,Spain,Europe,Northern Hemisphere,27,65.737,64.999,66.077,65.582,65.039,64.159,64.213,64.343,64.56,64.854,65.529,65.295,65.999,66.785,67.174,68.117,68.381,68.552,68.711,67.836,67.341,66.819,66.335,65.625,65.047,64.837,64.292,63.891,63.719,63.428,62.071,62.412
EST,Estonia,Europe,Northern Hemisphere,31,81.887,80.863,79.109,76.634,76.368,74.694,72.925,71.079,69.163,67.132,66.452,65.287,64.442,66.791,65.964,64.878,67.639,68.306,68.72,67.904,66.933,67.991,68.323,68.367,68.86,69.44,70.522,71.374,71.267,70.605,70.596,70.169
ETH,Ethiopia,Africa,Northern Hemisphere,175,89.404,89.489,89.552,89.591,89.604,89.614,89.614,89.616,89.618,89.62,89.624,89.632,89.639,89.647,89.656,89.667,89.514,89.359,89.201,89.039,88.873,88.704,88.532,88.358,88.033,87.709,87.445,87.171,86.896,86.632,84.112,84.683
FIN,Finland,Europe,Northern Hemisphere,11,71.941,70.318,68.75,67.852,66.927,66.348,64.49,65.839,65.815,65.805,66.208,66.224,66.057,65.825,65.059,64.976,65.253,65.353,65.826,64.233,64.127,64.253,63.727,62.945,62.584,62.443,62.398,62.738,63.158,63.208,62.969,64.029
FJI,Fiji,Oceania,Southern Hemisphere,99,79.608,79.754,79.551,79.519,79.365,79.315,79.165,79.267,79.366,79.459,79.544,79.604,79.659,79.711,79.765,78.018,78.413,78.779,79.122,79.442,79.742,80.018,78.722,77.381,75.992,76.237,76.458,76.23,76.097,76.092,75.38,75.257
FRA,France,Europe,Northern Hemisphere,28,65.829,64.7,64.556,64.03,63.674,63.329,63.601,63.281,62.96,63.203,62.923,62.724,62.959,63.06,62.933,62.565,62.307,62.166,62.131,62.193,62.034,61.652,61.851,61.58,60.989,60.837,60.506,60.374,60.203,59.661,58.801,59.675
FSM,Micronesia,Oceania,Northern Hemisphere,134,,,,,,,,,,,,,,,,,,,,,,,,,,,,,,,,
GAB,Gabon,Africa,Southern Hemisphere,112,62.553,62.674,62.749,62.775,62.744,62.648,62.525,62.337,62.097,61.823,61.524,61.183,60.825,60.459,60.095,59.746,59.221,58.74,58.317,57.956,57.661,57.321,57.02,56.783,56.613,56.49,56.735,56.962,57.161,57.313,56.991,57.012
GBR,United Kingdom,Europe,Northern Hemisphere,18,74.436,73.857,73.151,72.011,71.671,71.345,71.1,71.011,70.761,70.172,70.224,69.576,69.449,69.706,69.296,69.588,69.902,69.77,69.953,69.337,68.983,68.784,68.862,68.756,68.607,68.556,68.626,68.25,68.345,68.172,67.162,67.091
GEO,Georgia,Asia,Northern Hemisphere,63,75.848,76.263,76.723,77.228,77.784,77.413,76.599,75.861,75.555,75.192,74.687,75.669,75.507,75.948,74.002,73.507,72.147,73.06,74.354,76.21,76.787,77.95,79.492,79.552,79.669,80.092,80.566,77.184,73.549,72.587,69.17,68.03
GHA,Ghana,Africa,Northern Hemisphere,133,78.722,78.626,78.41,78.192,77.972,77.751,77.529,77.306,77.081,76.855,76.627,76.426,76.224,76.02,75.814,75.607,75.399,75.188,74.976,74.763,74.547,74.331,74.113,73.894,73.673,73.451,73.316,73.155,72.976,72.79,72.098,72.234
GIN,Guinea,Africa,Northern Hemisphere,182,64.527,64.852,65.097,65.274,65.394,65.464,65.708,65.882,65.992,66.039,66.021,66.235,66.373,66.439,66.447,66.41,66.343,66.243,66.112,65.952,65.765,65.576,65.357,65.112,64.855,64.595,64.194,63.788,63.38,62.971,61.926,62.188
GMB,Gambia,Africa,Northern Hemisphere,174,68.925,69.492,69.919,70.251,70.121,70,69.901,69.811,69.723,69.634,69.539,69.438,69.333,69.225,69.115,69.003,68.885,68.767,68.65,68.532,68.415,68.296,68.178,68.05,67.917,67.781,67.732,67.657,67.554,67.417,65.813,66.259
GNB,Guinea-Bissau,Africa,Northern Hemisphere,177,81.984,82.014,82.023,81.993,81.893,81.717,81.726,81.642,81.499,81.34,81.185,81.006,80.819,80.62,80.407,80.185,80.047,79.891,79.731,79.578,79.438,79.383,79.31,79.226,79.133,79.028,78.956,78.857,78.731,78.575,78.172,78.373
GNQ,Equatorial Guinea,Africa,Northern Hemisphere,145,65.623,65.574,65.574,65.554,65.419,65.152,64.743,64.229,63.707,63.255,62.888,62.579,62.267,62.012,61.819,61.667,61.394,61.115,60.88,60.678,60.48,60.319,60.098,59.885,59.695,59.504,59.418,59.264,59.111,58.969,58.149,58.483
GRC,Greece,Europe,Northern Hemisphere,33,65.248,64.179,63.785,63.621,63.944,63.712,63.512,62.23,65.165,64.801,64.649,63.929,63.913,64.147,64.326,64.117,64.199,64.024,64.072,63.939,63.465,62.073,61.189,60.819,60.037,59.7,59.734,59.888,59.94,59.975,58.967,58.108
GRD,Grenada,America,Northern Hemisphere,68,,,,,,,,,,,,,,,,,,,,,,,,,,,,,,,,
GTM,Guatemala,America,Northern Hemisphere,135,86.385,86.414,86.456,86.509,86.533,86.511,86.532,86.49,86.406,86.333,86.274,86.168,86.052,85.948,85.797,85.592,85.372,85.146,84.913,84.677,84.437,84.192,83.164,82.131,82.843,84.195,83.187,84.601,84.36,84.132,78.803,80.268
GUY,Guyana,America,Northern Hemisphere,108,81.213,81.125,81.068,81.035,80.877,80.686,80.4,80.081,79.741,79.399,79.066,78.793,78.511,77.75,77.003,76.271,75.557,74.874,74.19,73.48,72.73,71.952,71.129,70.284,69.441,68.609,67.787,66.97,66.153,66.082,63.689,64.097
HKG,Hong Kong,Asia,Northern Hemisphere,4,79.016,78.842,78.116,78.27,77.765,76.535,76.002,75.861,75.784,74.427,73.045,72.926,72.49,71.965,71.66,71.06,70.933,70.449,69.708,69.442,68.507,68.401,68.696,69.186,68.811,68.806,68.575,68.315,68.512,67.424,66.183,65.771
HND,Honduras,America,Northern Hemisphere,137,88.465,88.451,88.279,88.088,87.992,87.807,87.687,87.529,87.382,87.288,85.989,85.317,84.629,83.927,83.211,82.48,81.817,80.618,80.194,81.146,81.577,80.192,78.902,82.268,82.613,81.919,81.006,83.242,83.189,82.096,78.026,78.94
HRV,Croatia,Europe,Northern Hemisphere,40,67.791,68.442,67.348,66.245,65.134,64.015,62.886,61.751,60.608,59.457,58.297,57.765,59.199,58.616,59.535,57.419,56.297,61.518,61.25,60.177,59.668,59.792,58.885,57.722,58.886,59.167,57.793,58.243,57.425,57.592,57.979,58.751
HTI,Haiti,America,Northern Hemisphere,163,77.441,76.681,75.914,75.137,74.349,73.552,72.665,71.767,70.858,69.939,69.01,69.112,69.214,69.316,69.419,69.521,69.794,70.066,70.337,70.606,70.873,70.625,70.444,70.22,70.047,69.929,69.833,69.752,69.664,69.649,68.798,68.93
HUN,Hungary,Europe,Northern Hemisphere,46,62.501,62.843,62.942,60.779,59.139,59.383,57.757,57.213,57.245,58.182,58.503,57.687,57.503,58.138,57.763,58.274,58.937,58.709,58.103,57.872,57.829,58.326,59.256,60.177,61.864,63.133,64.359,65.19,65.792,66.491,66.331,67.21
IDN,Indonesia,Asia,Southern Hemisphere,114,82.513,82.629,82.531,82.122,83.226,83.299,83.364,83.138,83.031,83.518,84.074,84.496,84.126,83.694,84.292,82.884,82.552,82.731,82.447,81.875,82.255,82.893,83.4,82.848,82.64,82.42,81.7,81.54,82.188,82.468,81.513,81.668
IND,India,Asia,Northern Hemisphere,132,84.227,84.093,83.966,83.838,83.699,83.461,83.221,82.977,82.73,82.483,82.236,82.192,82.149,82.106,82.059,82.009,81.524,81.007,80.461,79.886,79.284,78.773,78.22,77.463,76.697,75.921,75.139,74.349,73.551,73.245,69.431,70.092
IRL,Ireland,Europe,Northern Hemisphere,8,74.789,74.692,72.059,71.625,71.904,71.653,71.726,71.984,73.614,74.687,75.362,74.976,74.153,74.068,74.39,75.858,76.534,76.447,75.245,72.272,70.171,69.202,68.753,68.898,68.852,69.082,69.027,68.547,68.518,68.646,67.365,68.573
IRN,Iran,Asia,Northern Hemisphere,76,81.763,80.868,79.572,78.264,76.969,75.695,74.428,74.26,74.061,73.814,73.51,73.145,72.73,72.279,71.814,71.344,70.334,69.679,67.618,68.655,67.748,66.024,66.079,67.427,67.131,67.987,68.65,69.765,70.298,70.176,67.829,68.086
IRQ,Iraq,Asia,Northern Hemisphere,121,77.496,77.372,76.924,76.907,76.873,76.727,76.647,76.331,75.894,75.445,74.986,74.502,74.01,73.511,73.005,72.493,71.994,71.485,71.263,71.041,70.817,70.569,70.324,71.336,72.308,72.038,71.762,72.501,72.791,72.597,71.54,71.763
ISL,Iceland,Europe,Northern Hemisphere,3,80.827,81.134,81.717,79.907,79.604,82.205,81.524,80.766,81.956,82.302,83.044,83.616,82.097,81.636,81.166,80.687,81.744,81.892,81.209,78.985,79.138,78.381,77.847,78.695,80.39,80.949,82.329,80.969,79.529,78.493,76.508,70.463
ISR,Israel,Asia,Northern Hemisphere,22,71.774,71.826,71.514,73.262,73.309,73.168,71.989,71.228,70.127,69.577,69.704,69.39,68.263,67.979,68.462,68.695,69.158,69.752,69.785,68.922,69.354,69.253,69.32,69.399,69.459,69.291,69.106,68.94,68.238,67.585,65.504,66.075
ITA,Italy,Europe,Northern Hemisphere,30,65.713,66.627,64.579,64.107,63.042,62.19,62.06,61.944,62.012,61.815,61.693,61.429,61.784,62.152,61.848,61.049,60.845,60.448,60.406,59.601,59.113,58.732,59.256,58.667,58.727,58.903,59.261,59.364,59.399,59.157,57.8,57.592
JAM,Jamaica,America,Northern Hemisphere,110,76.849,76.453,76.047,75.632,75.209,74.781,74.346,73.905,73.46,72.868,72.793,72.736,71.994,71.24,73.664,73.627,73.574,73.519,73.575,71.713,70.262,70.044,69.116,69.982,69.978,70.252,71.129,71.268,70.349,71.011,68.361,70.003
JOR,Jordan,Asia,Northern Hemisphere,102,63.373,63.734,62.72,62.844,62.898,62.791,62.997,63.051,63.095,63.073,62.956,62.715,62.419,62.29,61.831,61.482,61.207,60.982,60.881,60.96,61.334,61.69,62.038,62.335,62.542,62.732,62.875,62.933,62.861,63.996,61.775,62.322
JPN,Japan,Asia,Northern Hemisphere,19,77.163,77.56,77.925,77.972,77.712,77.514,77.681,77.68,77.224,76.892,76.363,75.593,74.672,74.047,73.341,73.223,73.12,73.083,72.644,71.96,71.494,71.085,70.662,70.408,70.303,70.255,70.346,70.494,71.124,71.43,71.376,71.031
KAZ,Kazakhstan,Asia,Northern Hemisphere,56,75.768,76.115,76.281,76.578,77.006,77.267,77.2,77.088,77.106,76.982,76.65,76.231,75.95,75.643,75.583,74.923,74.958,75.51,76.095,75.476,75.884,76.027,76.171,76.315,76.671,77.025,76.508,75.982,76.924,76.839,75.408,75.518
KEN,Kenya,Africa,Northern Hemisphere,152,76.956,76.716,76.401,76.039,75.665,75.305,75.029,74.819,74.636,74.424,74.61,74.796,74.981,75.165,75.348,75.53,75.712,75.892,76.072,76.251,76.429,76.607,76.783,76.958,77.132,77.305,77.478,77.001,76.506,75.987,75.403,75.564
KGZ,Kyrgyzstan,Asia,Northern Hemisphere,118,71.029,71.613,72.611,73.701,75.209,75.651,75.271,74.714,74.671,74.521,74.232,73.927,73.973,74.147,74.321,75.8,77.262,77.051,76.837,75.691,76.793,77.5,77.273,76.42,74.966,75.496,75.425,75.021,74.26,74.115,71.044,71.67
KHM,Cambodia,Asia,Northern Hemisphere,146,81.727,81.741,81.753,81.755,81.417,81.48,81.507,81.516,81.532,81.609,80.967,85.418,85.552,85.721,85.927,86.829,87.695,88.532,87.842,87.156,88.582,89.395,88.071,86.592,86.744,86.356,88.075,86.853,86.781,86.707,85.793,85.918
KIR,Kiribati,Oceania,Northern Hemisphere,136,,,,,,,,,,,,,,,,,,,,,,,,,,,,,,,,
KNA,Saint Kitts and Nevis,America,Northern Hemisphere,75,,,,,,,,,,,,,,,,,,,,,,,,,,,,,,,,
KOR,South Korea,Asia,Northern Hemisphere,19,73.602,74.628,75.232,75.273,75.927,76.03,75.865,75.739,74.705,74.09,74.228,74.202,74.913,74.701,75.049,74.67,74.355,74.265,73.595,73.027,72.958,73.093,73.22,73.264,74.09,74.106,73.942,73.987,73.636,73.456,72.602,72.448
KWT,Kuwait,Asia,Northern Hemisphere,50,81.223,81.04,80.686,80.517,80.305,79.763,79.733,79.76,79.834,80.163,80.154,80.155,79.999,79.267,80.023,80.796,81.723,82.655,83.569,84.446,85.266,85.976,86.639,87.252,87.806,88.299,88.715,88.804,88.566,88.395,82.194,83.804
LAO,Lao,Asia,Northern Hemisphere,140,82.634,82.632,82.627,82.62,82.603,82.584,82.41,82.235,82.059,81.881,81.702,81.523,81.343,81.161,80.978,80.793,80.605,80.415,80.223,80.029,79.833,79.704,79.566,79.419,79.274,79.132,78.992,78.852,78.723,78.635,77.967,78.093
LBN,Lebanon,Asia,Northern Hemisphere,112,72.128,71.808,70.64,70.041,69.642,69.317,68.517,68.563,68.326,68.489,68.509,68.123,67.863,67.669,67.165,66.337,65.711,65.108,64.367,63.648,63.305,63.824,64.331,64.758,65.216,65.713,65.846,65.913,66.127,66.635,64.146,64.332
LBR,Liberia,Africa,Northern Hemisphere,178,84.151,84.039,83.828,83.561,83.335,83.272,83.146,83.034,82.958,82.861,82.671,82.755,82.786,82.768,82.747,82.772,82.831,82.881,82.924,82.931,82.874,82.827,82.74,82.608,82.436,82.231,82.034,81.812,81.567,81.309,79.214,79.717
LBY,Libya,Africa,Northern Hemisphere,104,62.319,62.293,62.25,62.196,62.138,62.082,62.037,61.994,61.949,61.898,61.838,61.765,61.685,61.602,61.524,61.454,61.404,61.363,61.327,61.295,61.263,61.245,61.228,61.211,61.191,61.165,61.109,61.043,60.97,60.893,60.323,60.969
LCA,Saint Lucia,America,Northern Hemisphere,106,78.66,78.504,78.197,77.898,77.596,77.289,76.988,76.675,76.355,76.034,75.717,75.395,75.128,74.86,74.585,74.306,74.024,73.741,73.458,73.177,72.903,72.632,73.722,75.392,75.573,75.753,75.932,76.11,76.679,74.113,73.189,73.228
LIE,Liechtenstein,Europe,Northern Hemisphere,16,,,,,,,,,,,,,,,,,,,,,,,,,,,,,,,,
LKA,Sri Lanka,Asia,Northern Hemisphere,73,77.591,76.999,76.27,75.769,76.243,74.279,75.492,75.464,76.592,77.355,75.257,75.14,75.027,74.919,74.814,74.71,74.603,74.498,74.393,74.284,74.171,73.421,74.306,74.06,73.895,73.874,74.136,73.795,72.367,71.528,68.287,68.495
LSO,Lesotho,Africa,Southern Hemisphere,168,83.794,83.17,82.527,81.868,81.213,80.58,80.211,79.855,79.495,79.109,78.808,78.476,78.129,77.769,77.401,77.03,76.657,76.28,75.897,75.506,75.106,74.699,74.281,73.854,73.535,73.172,73.009,72.793,72.562,72.344,71.177,71.343
LTU,Lithuania,Europe,Northern Hemisphere,35,69.033,69.189,69.943,70.636,71.08,70.918,70.677,70.331,70.041,68.411,66.536,65.579,65.43,66.38,63.937,62.889,61.316,61.987,62.212,62.002,62.019,63.09,63.237,64.137,65.059,64.885,66.016,66.379,67.609,67.869,68.89,67.865
LUX,Luxembourg,Europe,Northern Hemisphere,17,67.62,68.798,68.838,68.744,67.79,66.511,65.568,64.846,64.752,64.486,66.069,65.762,66.523,65.148,64.992,65.148,64.837,64.522,64.205,66.657,65.839,65.076,65.715,66.353,66.757,65.403,64.286,63.626,63.923,65.41,64.533,65.544
LVA,Latvia,Europe,Northern Hemisphere,39,67.818,68.115,69.673,70.195,70.053,70.067,69.909,68.694,68.248,67.378,64.984,64.447,66.117,64.819,65.6,65.574,67.547,69.028,69.584,67.013,65.003,65.259,66.389,66.085,66.471,67.389,67.097,67.784,68.361,68.025,68.573,66.827
MAR,Morocco,Africa,Northern Hemisphere,123,80.205,79.692,80.094,80.358,79.532,80.252,79.237,79.533,78.961,78.977,78.909,78.305,77.749,77.471,77.193,76.914,76.626,76.335,76.038,75.415,74.774,74.256,73.461,72.811,72.173,71.351,70.571,68.854,68.676,68.557,65.432,65.95
MCO,Monaco,Europe,Northern Hemisphere,,,,,,,,,,,,,,,,,,,,,,,,,,,,,,,,,
MDA,Moldova,Europe,Northern Hemisphere,80,61.187,61.941,62.487,62.731,62.962,62.916,63.404,63.216,63.832,64.137,63.916,61.566,59.256,54.48,51.731,50.177,49.956,47.774,47.339,46.194,44.935,45.584,43.531,44.48,46.895,48.166,48.642,45.302,40.59,46.883,45.029,43.932
MDG,Madagascar,Africa,Southern Hemisphere,173,89.718,89.708,89.679,89.637,89.594,89.555,89.575,89.586,89.588,89.578,89.554,89.563,89.542,89.497,89.437,89.366,89.352,89.337,89.322,89.308,89.293,89.278,89.264,89.249,89.235,89.22,89.057,88.906,88.761,88.618,87.319,87.595
MDV,Maldives,Asia,Northern Hemisphere,90,77.157,76.75,76.275,75.715,75.063,74.309,73.993,73.595,73.12,72.576,71.973,71.191,70.395,69.602,68.83,68.084,67.358,66.637,65.898,65.109,65.819,66.364,66.866,67.343,67.805,68.266,68.712,68.501,68.461,68.552,66.799,67.494
MEX,Mexico,America,Northern Hemisphere,86,83.589,83.419,84.059,84.692,83.689,82.645,82.485,82.982,83.075,82.348,81.293,80.446,79.502,79.541,79.545,79.633,80.034,79.607,79.364,78.609,78.352,78.176,78.469,78.168,77.968,77.718,77.425,77.225,77.075,76.862,71.347,75.415
MHL,Marshall Islands,Oceania,Northern Hemisphere,131,,,,,,,,,,,,,,,,,,,,,,,,,,,,,,,,
MKD,North Macedonia,Europe,Northern Hemisphere,78,68.317,68.603,68.295,67.982,67.665,67.344,67.018,66.377,65.946,65.514,64.28,64.058,63.836,65.684,65.34,64.993,66.257,66.18,67.657,68.494,68.611,67.583,67.432,67.322,67.974,67.428,67.603,67.675,67.478,66.121,63.091,63.444
MLI,Mali,Africa,Northern Hemisphere,186,80.496,80.56,80.575,80.551,80.49,80.393,80.445,80.429,80.372,80.31,80.26,80.311,80.352,80.388,80.412,80.426,80.578,80.688,80.768,80.821,80.846,81.021,81.134,81.194,81.212,80.002,80.277,80.546,80.401,80.21,79.437,79.673
MLT,Malta,Europe,Northern Hemisphere,23,73.699,73.474,73.232,72.781,72.348,72.042,71.962,71.284,71.143,70.86,70.37,71.865,70.508,70.534,70.223,68.396,68.283,67.814,67.041,66.825,67.117,67.135,66.276,67.203,67.804,67.976,68.241,68.929,70.437,71.495,71.497,71.413
MMR,Myanmar,Asia,Northern Hemisphere,149,78.654,78.591,78.843,78.984,79.156,79.307,79.441,79.552,79.664,79.867,80.088,80.24,80.37,80.479,80.546,80.573,80.563,80.522,80.463,80.375,80.271,80.199,80.09,79.947,79.796,79.651,78.195,76.667,76.389,74.843,71.886,69.962
MNE,Montenegro,Europe,Northern Hemisphere,49,56.808,57.021,57.128,57.153,57.026,56.861,56.723,56.632,56.463,56.812,56.703,56.687,56.644,56.582,56.449,56.325,56.079,55.898,55.721,55.866,55.796,55.715,56.925,56.86,59.534,60.117,61.795,62.224,64.296,65.248,60.608,62.006
MNG,Mongolia,Asia,Northern Hemisphere,96,64.436,64.716,64.967,65.052,65.021,64.899,64.86,64.781,64.711,64.647,64.633,64.581,64.487,64.333,64.374,64.416,64.457,64.498,62.936,63.351,64.695,66.44,65.896,65.348,66.021,65.986,64.873,65.503,67.382,68.117,66.418,66.572
MOZ,Mozambique,Africa,Southern Hemisphere,185,81.733,81.316,80.971,80.703,80.486,80.284,80.368,80.408,81.036,81.651,82.253,82.84,83.413,83.971,83.659,83.345,83.027,82.707,82.385,82.061,81.736,81.408,81.079,80.748,80.416,80.082,79.958,79.805,79.631,79.448,78.692,78.931
MRT,Mauritania,Africa,Northern Hemisphere,158,73.441,73.456,73.421,73.344,73.236,73.1,72.945,72.776,72.586,72.365,72.117,71.377,70.637,69.896,69.155,68.412,67.667,66.922,66.175,65.428,64.681,63.934,63.187,63.135,63.084,63.033,62.985,62.937,62.764,62.579,62.154,62.19
MUS,Mauritius,Africa,Southern Hemisphere,63,80.88,80.514,80.288,80.2,80.119,79.922,79.689,79.397,79.055,78.684,78.307,78.111,77.968,77.702,77.421,76.88,75.805,75.042,74.159,73.924,73.877,73.134,73.235,73.382,73.659,73.231,72.712,72.84,71.601,71.726,70.348,70.448
MWI,Malawi,Africa,Southern Hemisphere,169,78.636,78.773,78.797,78.752,78.722,78.772,78.942,79.13,79.32,79.584,79.847,80.108,80.369,80.628,80.887,81.144,81.4,81.653,81.906,82.156,82.405,82.652,82.898,83.141,82.913,82.678,82.387,82.107,81.819,81.499,79.571,79.953
MYS,Malaysia,Asia,Northern Hemisphere,62,79.065,78.764,80.245,81,79.954,78.895,80.8,79.978,78.472,78.4,79.384,79.179,78.469,79.51,78.429,77.069,77.278,76.89,76.338,76.226,76.18,76.939,77.68,78.017,77.617,77.646,77.244,77.097,77.454,77.857,77.66,77.551
NAM,Namibia,Africa,Southern Hemisphere,139,62.742,62.589,62.396,62.173,61.931,61.623,61.317,61.01,61.275,61.539,61.8,61.855,61.909,61.962,62.015,62.068,62.12,62.171,62.224,62.276,62.328,62.382,62.435,65.153,64.823,65.358,65.889,64.305,62.699,62.692,62.042,62.181
NER,Niger,Africa,Northern Hemisphere,189,90.009,90.026,89.969,89.866,89.741,89.606,89.617,89.613,89.611,89.623,89.64,89.786,89.889,89.969,90.042,90.109,90.283,90.402,90.481,90.527,90.546,90.613,88.974,87.143,85.109,85.052,85.032,84.981,84.906,84.812,83.994,84.267
NGA,Nigeria,Africa,Northern Hemisphere,163,64.981,64.936,64.822,64.652,64.438,64.192,64.109,63.981,63.823,63.658,63.501,63.539,63.557,63.563,63.565,63.565,63.7,63.795,63.863,63.913,63.948,64.042,61.499,58.893,59.19,59.486,59.781,60.076,60.371,60.665,59.216,59.591
NIC,Nicaragua,America,Northern Hemisphere,126,85.142,86.281,85.803,85.282,84.719,84.114,84.9,85.677,86.441,86.297,86.143,85.98,85.809,85.63,85.446,85.255,85.049,84.84,84.626,84.403,84.171,83.928,83.678,83.422,83.162,82.98,82.816,82.684,82.726,82.776,80.913,81.299
NLD,Netherlands,Europe,Northern Hemisphere,10,70.838,71,70.351,70.141,70.444,70.443,70.454,71.562,72.231,72.206,73.215,73.543,74.155,73.276,73.108,71.482,71.252,71.904,72.489,72.287,71.157,70.485,70.872,70.811,70.487,70.114,69.639,69.353,69.583,69.858,69.313,71.315
NOR,Norway,Europe,Northern Hemisphere,2,70.218,68.905,68.944,68.403,68.859,69.311,70.616,72.216,72.856,72.384,72.841,72.478,71.995,70.815,70.427,70.301,70.477,70.824,71.684,70.331,69.648,68.789,69.013,68.44,66.843,67.653,66.916,65.955,66.408,66.173,65.593,71.95
NPL,Nepal,Asia,Northern Hemisphere,143,90.701,90.582,90.446,90.308,90.183,90.079,90.063,90.064,90.068,90.055,89.812,89.546,89.272,88.992,88.705,88.413,88.111,87.802,87.492,87.241,86.97,86.739,86.467,86.15,85.806,85.457,85.117,84.835,84.619,84.476,79.477,80.772
NRU,Nauru,Oceania,Southern Hemisphere,,,,,,,,,,,,,,,,,,,,,,,,,,,,,,,,,
NZL,New Zealand,Oceania,Southern Hemisphere,13,74.303,73.888,73.219,73.188,73.675,74.143,74.486,74.334,73.577,73.444,73.556,73.809,74.538,73.768,74.498,75.022,75.529,75.517,75.019,74.35,74.06,74.132,73.454,73.401,74.31,74.447,75.571,76.553,76.293,75.492,75.532,75.33
OMN,Oman,Asia,Northern Hemisphere,54,77.698,76.536,75.272,74.307,73.727,73.363,73.81,74.273,75.053,75.994,76.475,76.565,76.834,77.056,78.639,80.112,81.267,82.348,83.332,84.172,84.862,85.286,85.705,86.199,86.824,87.588,88.505,88.537,88.525,88.641,83.634,85.042
PAK,Pakistan,Asia,Northern Hemisphere,161,84.259,82.607,82.673,81.487,81.188,81.522,82.212,82.834,82.285,82.382,82.467,82.529,82.587,82.201,81.791,80.627,79.435,79.175,78.762,78.624,78.555,77.948,78.366,78.782,77.726,78.795,78.905,78.991,79.057,79.051,77.719,78.079
PAN,Panama,America,Northern Hemisphere,61,76.759,76.548,78.379,80.144,79.869,80.978,80.476,79.969,79.674,79.377,79.416,79.449,79.477,79.213,79.918,79.466,79.132,78.382,80.416,80.376,77.881,76.708,78.024,77.987,77.255,76.414,76.698,75.642,76.931,77.37,69.255,72.572
PER,Peru,America,Southern Hemisphere,84,75.148,75.091,74.904,75.427,75.931,77.139,77.33,77.499,79.019,78.926,78.32,79.227,80.742,82.175,83.524,84.792,85.888,87.046,87.04,87.226,87.131,86.896,86.167,85.701,85.02,84.374,84.835,84.787,84.669,84.834,73.745,81.875
PHL,Philippines,Asia,Northern Hemisphere,116,75.619,75.7,75.757,75.773,75.737,75.693,75.619,75.557,75.635,75.623,75.578,75.57,75.546,75.483,76.583,75.974,75.478,75.142,75.289,75.214,74.931,75.7,75.173,74.726,75.4,74.321,75.169,73.419,72.605,72.489,66.992,68.302
PLW,Palau,Oceania,Northern Hemisphere,80,,,,,,,,,,,,,,,,,,,,,,,,,,,,,,,,
PNG,Papua New Guinea,Oceania,Southern Hemisphere,156,73.793,73.707,73.54,73.252,73.173,73.303,73.191,73.334,73.46,73.471,73.557,71.436,69.215,66.903,64.507,62.035,59.5,56.914,54.29,51.642,48.984,49,48.962,48.935,48.749,48.612,48.571,48.54,48.596,48.523,48.061,48.14
POL,Poland,Europe,Northern Hemisphere,34,69.588,69.928,69.828,69.134,67.773,66.651,65.939,65.714,65.111,64.299,64.133,63.996,62.937,61.872,62.016,62.798,62.102,61.88,62.591,63.338,63.744,64.043,64.283,64.402,64.675,64.56,64.788,65.149,64.915,64.958,65.016,65.489
PRK,North Korea,Asia,Northern Hemisphere,,86.589,86.634,86.696,86.73,86.747,86.772,86.789,86.81,86.813,86.801,86.801,86.791,86.788,86.782,86.775,86.761,86.765,86.77,86.758,86.761,86.762,86.759,86.754,86.75,86.745,86.75,86.736,86.751,86.764,86.768,86.116,86.141
PRT,Portugal,Europe,Northern Hemisphere,38,71.579,72.465,70.624,69.237,68.379,67.766,67.048,66.998,70.199,69.877,69.711,70.198,70.736,69.915,69.472,69.074,69.259,69.119,68.914,67.703,67.213,67.092,66.303,65.123,64.511,64.12,64.097,64.545,64.4,64.383,63.06,62.208
PRY,Paraguay,America,Southern Hemisphere,105,86.985,87.01,86.943,87.003,87.058,87.153,87.014,86.976,86.745,86.434,86.062,85.772,85.499,83.422,85.626,84.661,82.823,83.36,84.563,83.849,82.164,81.128,82.483,81.837,81.274,80.787,83.23,83.35,84.127,84.348,82.95,84.214
PSE,"Palestine, State of",Asia,Northern Hemisphere,106,69.714,69.53,69.009,68.929,68.841,68.606,68.893,68.041,67.041,66.546,67.62,62.757,61.311,64.586,63.178,64.102,63.395,64.485,63.731,64.167,65.636,66.797,66.905,67.48,67.402,69.689,69.857,70.107,69.029,69.977,65.274,66.286
QAT,Qatar,Asia,Northern Hemisphere,42,96.035,95.904,95.643,95.645,95.687,95.819,95.868,95.581,95.539,95.605,95.626,95.273,95.082,95.179,95.224,95.595,94.498,94.285,94.986,95.809,96.067,95.624,95.477,95.475,95.607,95.831,95.803,95.829,95.953,96.196,95.444,95.456
ROU,Romania,Europe,Northern Hemisphere,53,76.182,76.709,77.08,76.17,75.238,74.286,72.664,72.764,72.072,71.686,71.11,69.745,64.741,63.292,63.001,61.524,62.624,62.62,62.795,62.853,64.244,62.768,63.636,63.722,64.212,64.522,63.674,64.651,65.001,65.42,65.496,62.34
RUS,Russian Federation,Europe,Northern Hemisphere,52,74.91,75,75.34,73.497,71.431,70.741,69.337,67.391,66.187,69.066,68.994,67.57,67.602,67.135,67.447,67.738,67.872,68.998,70.052,69.961,70.29,70.55,70.643,70.812,71.007,71.241,71.418,71.347,71.324,70.555,70.069,69.717
RWA,Rwanda,Africa,Southern Hemisphere,165,90.675,90.33,89.759,88.905,87.874,86.957,87.022,86.841,86.658,86.473,86.286,86.097,85.904,85.71,85.513,85.315,85.115,84.914,84.71,84.505,84.297,84.087,83.875,83.662,83.446,83.345,83.195,83.089,82.998,82.879,82.014,82.226
SAU,Saudi Arabia,Asia,Northern Hemisphere,35,80.901,79.935,80.02,79.047,78.108,77.184,76.343,75.485,74.564,73.53,74.72,73.57,72.035,72.392,72.765,73.187,73.695,73.716,73.478,73.071,74.899,76.69,77.876,77.882,77.673,76.839,77.594,78.564,78.685,80.183,80.241,80.146
SDN,Sudan,Africa,Northern Hemisphere,172,75.57,75.329,75.073,74.803,74.52,74.225,73.927,73.748,73.569,73.387,73.202,73.014,72.823,72.633,72.449,72.273,72.135,72.003,71.868,71.724,71.564,71.366,71.118,70.837,70.533,70.216,69.928,69.626,69.312,68.992,67.471,67.819
SEN,Senegal,Africa,Northern Hemisphere,170,70.384,70.288,70.176,70.035,69.834,69.564,69.545,69.449,69.29,69.099,68.895,68.767,68.614,68.448,68.288,68.148,68.099,67.011,65.911,64.799,63.677,62.542,61.398,60.244,59.08,57.906,57.801,57.651,57.462,57.239,56.541,56.729
SGP,Singapore,Asia,Northern Hemisphere,12,81.445,81.412,81.101,80.336,80.049,80.021,79.742,79.478,80.175,79.34,79.174,79.07,78.573,78.008,77.496,78.068,78.558,78.997,78.56,78.785,78.65,78.471,78.888,78.659,79.013,79.357,78.851,78.979,78.379,78.488,77.441,76.828
SLB,Solomon Islands,Oceania,Southern Hemisphere,155,87.931,87.926,87.903,87.9,87.877,87.854,87.859,87.878,87.881,87.894,87.938,87.945,87.945,87.952,87.956,87.961,87.963,87.963,87.96,87.972,87.969,87.951,87.945,87.942,87.942,87.941,87.939,87.935,87.931,87.931,87.135,87.398
SLE,Sierra Leone,Africa,Northern Hemisphere,181,64.463,64.651,64.789,64.861,64.874,64.864,64.943,64.905,64.807,64.728,64.737,64.729,64.682,64.615,66.307,65.475,64.633,63.782,62.923,62.055,61.179,60.296,59.406,58.51,57.609,57.342,57.083,56.82,56.541,56.225,55.86,55.925
SLV,El Salvador,America,Northern Hemisphere,125,80.907,80.931,80.541,80.078,80.49,80.27,78.553,78.233,78.973,77.562,76.748,75.924,75.076,77.589,76.089,76.266,76.449,77.504,77.043,76.565,76.075,76.324,76.442,75.973,75.104,74.402,74.882,75.037,74.471,75.581,71.215,72.57
SMR,San Marino,Europe,Northern Hemisphere,44,,,,,,,,,,,,,,,,,,,,,,,,,,,,,,,,
SOM,Somalia,Africa,Northern Hemisphere,,45.036,45.3,45.492,45.64,45.822,46.113,46.476,46.838,47.199,47.515,47.746,48.068,48.25,48.331,48.367,48.384,48.541,48.687,48.789,48.801,48.71,48.691,48.553,48.34,48.113,47.907,47.718,47.558,47.408,47.24,46.868,46.978
SRB,Serbia,Europe,Northern Hemisphere,63,66.599,66.957,67.128,67.162,66.951,66.677,66.3,65.891,65.698,66.252,65.901,65.535,65.213,64.993,64.578,62.983,60.111,59.705,60.224,57.513,55.406,55.497,55.675,57.039,60.604,60.26,61.744,62.163,62.812,62.669,61.904,62.272
SSD,South Sudan,Africa,Northern Hemisphere,191,77.018,77.142,77.151,77.083,77.052,77.187,77.272,77.337,77.414,77.466,77.45,77.493,77.434,77.299,77.145,77.019,76.944,76.87,76.784,76.646,76.425,76.341,76.215,76.046,75.844,75.606,75.437,75.262,75.071,74.867,73.154,73.574
STP,Sao Tome and Principe,Africa,Northern Hemisphere,138,77.089,76.791,76.508,76.172,75.764,75.287,74.936,74.514,74.054,73.636,73.301,73.077,72.909,72.834,72.839,72.898,72.66,72.439,72.244,72.095,71.975,71.956,71.99,72.022,72,71.893,71.709,71.459,71.155,70.816,69.653,69.876
SUR,Suriname,America,Northern Hemisphere,99,63.124,63.104,63.178,63.384,63.434,63.489,62.716,61.949,61.182,60.41,60.85,61.293,61.715,62.126,62.532,62.941,63.344,63.748,64.15,64.546,64.933,65.314,65.688,66.057,66.421,66.781,67.138,67.066,66.964,66.965,64.487,65.065
SVK,Slovakia,Europe,Northern Hemisphere,45,72.509,73.045,71.457,69.808,69.144,68.864,68.701,68.284,68.193,67.725,67.902,68.761,67.742,68.145,68.295,68.373,68.273,67.793,68.292,68.141,67.84,68.078,68.404,68.168,68.25,67.912,68.105,67.753,67.838,67.609,66.678,66.415
SVN,Slovenia,Europe,Northern Hemisphere,23,64.381,64.541,64.649,64.585,64.482,64.408,64.344,64.746,66.248,64.77,63.797,64.636,64.709,63.122,65.498,65.993,65.668,66.387,65.667,65.468,65.278,63.689,63.015,63.063,63.279,62.897,61.31,63.163,63.981,62.988,62.414,62.188
SWE,Sweden,Europe,Northern Hemisphere,7,72.086,71.674,69.996,68.366,67.972,68.502,68.035,67.696,67.645,67.308,66.539,66.863,66.531,66.482,66.411,67.044,67.48,67.693,67.889,67.324,67.407,67.401,67.261,67.633,67.609,67.35,67.433,67.676,67.649,67.698,68.136,68.009
SWZ,Eswatini,Africa,Southern Hemisphere,144,66.724,66.141,65.682,65.25,64.713,64.015,63.514,62.811,61.985,61.169,60.42,59.904,59.549,59.291,59.048,58.782,58.496,58.238,58.007,57.803,57.611,57.392,57.081,56.742,56.454,56.243,55.728,55.377,55.106,54.785,53.263,53.606
SYC,Seychelles,Africa,Southern Hemisphere,72,,,,,,,,,,,,,,,,,,,,,,,,,,,,,,,,
SYR,Syrian Arab Republic,Asia,Northern Hemisphere,150,83.337,82.86,81.869,81.633,79.675,77.688,79.486,81.172,82.744,81.83,80.677,79.364,77.999,76.615,76.24,75.867,75.575,73.779,73.401,72.488,72.338,71.824,71.853,71.87,71.889,71.923,71.99,72.07,72.159,72.246,70.328,70.767
TCD,Chad,Africa,Northern Hemisphere,190,80.022,80.242,80.409,80.534,80.225,79.913,79.596,79.276,78.951,78.621,78.287,77.949,77.606,77.257,76.904,76.547,76.185,75.819,75.449,75.074,74.694,74.313,73.926,73.534,73.138,72.738,72.335,71.929,71.518,71.283,69.437,69.927
TGO,Togo,Africa,Northern Hemisphere,162,64.837,64.818,64.723,64.566,64.374,64.169,63.733,63.306,62.891,62.482,62.078,61.984,61.872,61.757,61.661,61.595,61.622,61.641,61.651,61.639,61.594,61.554,61.467,61.335,61.157,60.935,60.701,60.431,60.124,59.782,59.213,59.369
THA,Thailand,Asia,Northern Hemisphere,66,84.83,84.603,84.369,84.112,83.854,83.222,82.597,82.32,81.638,80.391,80.688,81.581,81.398,81.215,81.966,81.489,81.253,81.669,81.503,81.328,79.994,81.119,81.207,78.999,78.701,77.948,76.895,76.198,76.551,75.513,75.449,75.027
TJK,Tajikistan,Asia,Northern Hemisphere,122,58.177,58.145,58.106,58.064,58.024,57.987,57.962,57.941,57.923,57.905,57.888,57.872,57.858,57.844,58.131,57.516,56.87,56.154,55.439,55.214,54.817,54.426,54.031,53.634,53.234,52.831,52.427,51.91,51.433,50.986,50.627,50.534
TKM,Turkmenistan,Asia,Northern Hemisphere,91,59.877,60.356,61.68,61.766,63.43,64.225,63.834,64.992,64.512,63.336,62.994,62.738,62.794,62.617,62.317,61.48,60.819,60.19,59.4,59.128,58.708,58.059,57.627,57.266,56.928,56.749,56.588,56.423,56.274,56.127,55.759,55.59
TLS,Timor-Leste,Asia,Southern Hemisphere,140,73.118,73.087,73.047,72.996,72.931,72.849,72.724,72.671,72.712,73.134,73.074,72.962,73.047,73.082,73.096,73.093,73.125,73.081,73.012,72.934,72.847,72.796,72.737,72.732,72.693,72.676,72.651,72.744,72.785,72.766,72.133,72.24
TON,Tonga,Oceania,Southern Hemisphere,91,74.984,74.809,74.588,74.325,74.016,73.321,72.565,71.799,71.027,70.26,69.505,68.79,68.097,67.408,66.713,66.009,65.253,64.482,63.7,62.919,62.136,61.341,60.547,59.755,58.962,58.169,57.346,56.526,55.707,55.712,55.388,55.263
TTO,Trinidad and Tobago,America,Northern Hemisphere,57,74.229,73.957,73.608,73.467,74.752,75.721,74.384,74.934,75.481,75.236,75.548,74.948,74.682,74.491,75.391,75.315,74.891,75.392,74.675,74.511,72.351,71.736,71.593,71.28,71.825,70.83,69.163,69.419,69.615,69.8,67.613,67.961
TUN,Tunisia,Africa,Northern Hemisphere,97,74.868,74.662,74.094,74.036,73.873,73.747,73.643,73.552,72.84,72.135,71.431,70.732,70.032,69.327,68.611,67.882,67.392,67.768,68.143,68.807,69.573,70.209,70.524,70.113,69.557,68.982,68.626,68.358,68.207,68.202,67.344,67.15
TUR,Turkey,Asia,Northern Hemisphere,48,80.065,80.814,80.244,78.661,79.067,78.384,77.945,77.382,77.42,76.454,74.427,73.562,72.259,71.103,70.562,70.852,69.212,69.179,69.585,69.785,70.294,71.328,70.774,71.298,71.73,72.021,72.417,72.883,72.992,72.28,68.495,69.407
TUV,Tuvalu,Oceania,Southern Hemisphere,130,,,,,,,,,,,,,,,,,,,,,,,,,,,,,,,,
TZA,Tanzania,Africa,Southern Hemisphere,160,89.034,89.04,89.023,88.988,88.931,88.849,88.838,88.796,88.733,88.667,88.614,88.593,88.806,89.015,89.222,89.426,89.628,89.427,89.225,89.023,88.82,88.617,88.415,88.212,88.008,87.962,87.884,87.797,87.698,87.582,86.806,87.098
UGA,Uganda,Africa,Northern Hemisphere,166,76.798,77.066,76.972,76.876,76.78,76.683,76.584,76.484,76.382,76.278,76.172,76.06,75.947,75.833,75.72,75.609,75.502,75.396,75.292,75.187,75.081,74.97,74.857,74.666,74.452,74.22,73.945,73.633,73.288,72.907,70.8,71.306
UKR,Ukraine,Europe,Northern Hemisphere,77,66.712,66.274,65.838,65.403,64.966,64.528,64.089,63.65,63.208,62.766,62.322,61.878,61.433,60.987,60.54,60.093,59.646,60.471,60.844,61.216,61.586,61.953,62.317,62.679,63.039,63.398,63.756,64.113,64.469,64.823,63.449,63.567
URY,Uruguay,America,Southern Hemisphere,58,72.776,72.912,71.998,71.004,72.468,73.355,74.831,74.371,73.916,72.27,72.449,72.909,71.394,69.92,70.955,70.169,73.43,75.263,74.594,75.336,74.648,76.156,74.86,75.329,75.762,74.442,73.709,72.962,72.166,71.563,68.489,69.25
USA,United States,America,Northern Hemisphere,21,74.957,74.441,74.511,74.095,73.84,73.774,73.755,73.814,73.628,73.463,73.527,73.161,72.824,72.212,72.024,71.984,72.12,71.878,71.608,70.604,69.87,69.208,68.909,68.504,68.009,67.855,68.005,67.902,67.902,68.019,66.567,66.437
UZB,Uzbekistan,Asia,Northern Hemisphere,101,77.219,77.394,78.427,78.753,79.288,79.48,79.496,79.253,79.056,78.821,78.644,78.43,78.231,78.01,77.563,77.151,76.711,76.155,75.648,75.218,74.902,74.572,74.193,73.816,73.48,73.14,72.883,72.721,72.511,72.306,70.798,70.916
VCT,Saint Vincent and the Grenadines,America,Northern Hemisphere,89,81.186,80.8,80.362,79.992,79.72,79.301,78.99,78.632,78.278,77.987,77.758,77.471,77.134,76.782,76.49,76.203,75.921,75.739,75.594,75.518,75.481,75.418,75.314,75.207,75.138,75.109,75.006,74.915,74.818,74.789,73.914,74.1
VEN,Venezuela,America,Northern Hemisphere,120,80.668,80.997,81.111,80.914,80.574,80.577,80.353,80.484,80.306,79.769,79.755,79.731,78.999,78.305,79.067,79.41,80.031,79.46,79.215,78.452,78.501,78.025,77.148,78.157,77.132,76.085,75.027,74.221,73.063,70.307,67.726,67.813
VNM,Viet Nam,Asia,Northern Hemisphere,115,79.332,79.341,79.351,79.352,79.344,79.324,79.291,78.097,77.392,76.833,76.041,76.685,76.188,75.735,75.446,76.458,77.442,78.396,79.408,80.39,80.997,81.203,80.838,81.605,81.608,82.145,81.393,81.026,81,80.798,80.029,79.437
VUT,Vanuatu,Oceania,Southern Hemisphere,140,78.188,78.188,78.193,78.215,78.153,78.172,78.168,78.136,78.11,78.134,78.092,78.171,78.257,78.248,78.242,78.223,78.175,78.171,78.153,78.177,78.219,78.239,78.245,78.247,78.249,78.281,78.27,78.245,78.238,78.228,77.724,78.006
WSM,Samoa,Oceania,Southern Hemisphere,111,56.36,56.456,56.485,56.389,56.48,56.304,56.077,56.047,55.967,55.887,55.661,55.461,55.35,55.233,55.106,54.994,54.954,54.75,54.751,54.984,54.992,54.861,55.05,55.083,55.094,54.948,54.652,54.627,54.735,54.616,54.277,54.237
YEM,Yemen,Asia,Northern Hemisphere,183,77.11,76.512,75.71,75.335,74.726,73.541,72.615,71.724,70.836,69.915,69.964,69.952,69.887,69.767,69.597,69.377,69.103,68.778,68.404,67.985,67.524,67.372,67.126,66.79,66.37,67.047,67.419,67.726,67.945,68.14,67.498,67.637
ZAF,South Africa,Africa,Southern Hemisphere,109,73.898,73.527,73.109,72.637,72.093,71.472,70.88,70.252,69.58,68.862,68.106,67.512,66.878,66.232,65.627,65.1,64.712,64.411,64.186,62.171,60.389,59.76,60.248,60.407,60.638,61.941,62.177,62.588,62.286,62.433,57.394,59.883
ZMB,Zambia,Africa,Southern Hemisphere,154,86.018,86.024,85.987,85.919,85.837,85.753,85.72,85.669,85.607,85.539,85.469,85.581,85.683,85.776,85.856,85.922,85.173,84.399,83.598,82.77,81.915,81.03,80.118,79.99,79.823,79.61,79.383,79.102,78.786,78.469,77.722,77.847
ZWE,Zimbabwe,Africa,Southern Hemisphere,146,90.309,90.227,90.059,89.83,89.584,89.345,89.196,89.08,88.972,88.84,88.671,88.614,88.55,88.491,88.463,88.439,88.394,88.344,88.292,88.239,88.187,88.134,88.616,89.078,89.522,89.592,89.65,89.608,89.496,89.358,88.697,88.933
