ISO3,Country,Continent,Hemisphere,HDI Rank (2021),"Labour force participation rate, female (% ages 15 and older) (1990)","Labour force participation rate, female (% ages 15 and older) (1991)","Labour force participation rate, female (% ages 15 and older) (1992)","Labour force participation rate, female (% ages 15 and older) (1993)","Labour force participation rate, female (% ages 15 and older) (1994)","Labour force participation rate, female (% ages 15 and older) (1995)","Labour force participation rate, female (% ages 15 and older) (1996)","Labour force participation rate, female (% ages 15 and older) (1997)","Labour force participation rate, female (% ages 15 and older) (1998)","Labour force participation rate, female (% ages 15 and older) (1999)","Labour force participation rate, female (% ages 15 and older) (2000)","Labour force participation rate, female (% ages 15 and older) (2001)","Labour force participation rate, female (% ages 15 and older) (2002)","Labour force participation rate, female (% ages 15 and older) (2003)","Labour force participation rate, female (% ages 15 and older) (2004)","Labour force participation rate, female (% ages 15 and older) (2005)","Labour force participation rate, female (% ages 15 and older) (2006)","Labour force participation rate, female (% ages 15 and older) (2007)","Labour force participation rate, female (% ages 15 and older) (2008)","Labour force participation rate, female (% ages 15 and older) (2009)","Labour force participation rate, female (% ages 15 and older) (2010)","Labour force participation rate, female (% ages 15 and older) (2011)","Labour force participation rate, female (% ages 15 and older) (2012)","Labour force participation rate, female (% ages 15 and older) (2013)","Labour force participation rate, female (% ages 15 and older) (2014)","Labour force participation rate, female (% ages 15 and older) (2015)","Labour force participation rate, female (% ages 15 and older) (2016)","Labour force participation rate, female (% ages 15 and older) (2017)","Labour force participation rate, female (% ages 15 and older) (2018)","Labour force participation rate, female (% ages 15 and older) (2019)","Labour force participation rate, female (% ages 15 and older) (2020)","Labour force participation rate, female (% ages 15 and older) (2021)"
AFG,Afghanistan,Asia,Northern Hemisphere,180,15.18,15.214,15.223,15.197,15.178,15.221,15.078,14.954,14.873,14.827,14.795,14.936,15.113,15.298,15.475,15.644,15.455,15.275,15.137,15.076,15.111,15.454,15.879,16.794,17.749,18.746,19.798,20.887,21.228,21.566,16.189,14.848
AGO,Angola,Africa,Southern Hemisphere,148,75.408,75.381,75.369,75.371,75.387,75.416,75.414,75.428,75.456,75.494,75.539,75.546,75.564,75.59,75.617,75.641,75.625,75.614,75.607,75.603,75.605,74.847,74.834,74.833,74.843,74.864,74.882,74.912,74.955,75.011,73.618,73.968
ALB,Albania,Europe,Northern Hemisphere,67,51.364,54.727,55.608,54.638,53.825,52.576,51.66,52.615,51.658,50.445,49.782,49.087,48.757,48.186,47.625,47.067,46.511,45.958,45.41,45.839,46.727,52.446,48.778,43.598,43.733,46.898,49.676,49.51,51.189,52.723,49.786,50.733
AND,Andorra,Europe,Northern Hemisphere,40,,,,,,,,,,,,,,,,,,,,,,,,,,,,,,,,
ARE,United Arab Emirates,Asia,Northern Hemisphere,26,29.083,29.779,30.272,30.944,31.121,31.279,31.883,32.48,33.072,33.659,34.244,34.911,35.586,36.216,36.744,37.176,37.979,38.812,39.739,40.795,41.976,43.301,44.718,46.19,47.659,49.072,50.373,51.947,48.951,48.923,45.703,46.542
ARG,Argentina,America,Southern Hemisphere,47,45.041,46.331,47.486,48.717,49.576,48.966,49.762,50.973,51.494,50.775,50.509,49.613,47.508,48.801,50.136,49.28,49.916,49.08,48.243,48.964,47.875,48.134,48.234,47.826,47.6,47.679,47.76,47.844,49.316,50.168,46.642,50.01
ARM,Armenia,Asia,Northern Hemisphere,85,44.833,44.864,44.904,44.952,45.003,45.053,45.087,45.117,45.141,45.158,45.169,45.162,45.151,45.139,45.132,45.13,45.134,45.145,44.839,45.55,46.934,49.462,49.837,50.207,49.539,48.778,47.034,46.891,43.112,44.757,41.961,42.663
ATG,Antigua and Barbuda,America,Northern Hemisphere,71,,,,,,,,,,,,,,,,,,,,,,,,,,,,,,,,
AUS,Australia,Oceania,Southern Hemisphere,5,52.218,51.95,51.909,51.672,52.571,53.576,53.763,53.544,53.599,53.58,54.466,55.002,55.189,55.871,55.645,56.927,57.478,58.028,58.504,58.707,58.565,58.816,58.725,58.644,58.614,59.077,59.305,59.814,60.456,60.929,60.173,61.057
AUT,Austria,Europe,Northern Hemisphere,25,43.006,43.544,44.846,45.309,48.639,49.386,48.818,48.705,49.312,49.48,49.373,49.335,50.589,50.773,49.999,51.297,51.982,52.85,53.383,54.047,54.151,54.501,54.988,55.282,55.298,55.359,55.923,55.911,55.907,55.978,55.621,55.514
AZE,Azerbaijan,Asia,Northern Hemisphere,91,67.539,67.676,69.559,71.866,74.052,75.43,75.405,74.932,74.079,73.471,72.556,70.657,68.851,66.977,65.411,64.127,62.494,62.056,61.897,61.784,61.967,61.482,61.098,61.317,61.921,62.524,62.979,63.296,63.658,63.369,59.161,60.366
BDI,Burundi,Africa,Southern Hemisphere,187,90.555,90.075,89.573,89.049,88.502,87.931,87.339,86.722,86.08,85.747,85.407,85.059,84.705,84.343,83.974,83.598,83.215,82.825,82.428,82.023,81.611,81.192,80.765,80.33,79.888,79.869,79.859,79.861,79.875,79.902,79.143,78.991
BEL,Belgium,Europe,Northern Hemisphere,13,36.504,37.963,38.867,39.55,40.156,40.536,40.556,41,41.652,43.156,43.631,41.849,42.555,42.933,44.231,45.672,45.796,46.507,46.895,46.933,47.701,47.025,47.095,47.766,48.079,48.006,47.766,48.733,49.525,49.83,49.333,49.842
BEN,Benin,Africa,Northern Hemisphere,166,57.185,57.159,57.145,57.864,58.601,59.357,60.138,60.942,61.767,62.617,63.493,64.395,65.327,65.784,66.246,66.712,67.185,67.661,68.141,68.623,69.107,69.594,69.626,69.665,69.709,69.757,69.798,69.846,69.901,69.962,69.296,69.334
BFA,Burkina Faso,Africa,Northern Hemisphere,184,79.45,79.431,78.419,77.371,76.288,75.171,74.019,72.832,71.611,70.355,69.066,67.742,66.387,64.999,63.582,62.136,60.663,60.211,59.778,59.365,58.975,58.61,58.27,57.957,57.671,57.696,57.72,57.748,57.782,57.825,57.267,57.237
BGD,Bangladesh,Asia,Northern Hemisphere,129,26.637,26.7,26.808,26.957,27.139,27.349,27.52,27.721,27.937,28.15,28.345,28.466,28.582,28.689,28.785,28.876,28.88,29.272,29.671,30.072,30.474,30.873,31.273,31.677,32.086,32.503,32.931,36.109,36.242,36.311,34.545,34.869
BGR,Bulgaria,Europe,Northern Hemisphere,68,53.172,53.511,53.824,52.678,51.529,50.377,49.223,48.069,46.914,45.762,44.612,46.409,46.018,44.753,45.417,44.378,46.32,47.436,48.292,47.483,47.758,47.193,47.822,48.553,48.608,48.555,47.649,49.504,49.207,50.269,49.183,49.143
BHR,Bahrain,Asia,Northern Hemisphere,35,29.645,29.292,29.708,30.382,31.069,31.685,32.454,33.149,33.776,34.444,35.111,35.406,36.282,37.15,38.019,38.896,39.756,40.642,41.573,42.567,43.623,42.504,42.809,43.121,43.386,43.575,43.666,43.791,44.097,44.39,42.055,42.361
BHS,Bahamas,America,Northern Hemisphere,55,64.441,65.05,65.655,66.258,66.86,69.511,68.07,70.581,70.731,70.924,71.02,71.115,71.715,71.38,71.043,70.63,70.216,69.8,69.379,68.955,69.387,69.843,69.729,69.685,69.789,69.86,69.916,69.899,69.973,70.062,63.232,65.627
BIH,Bosnia and Herzegovina,Europe,Northern Hemisphere,74,33.847,34.299,34.53,34.594,34.349,34.023,33.736,33.534,33.248,32.645,32.318,32.063,31.771,31.558,31.254,30.859,30.629,30.762,31.421,31.761,32.999,32.665,32.427,32.36,32.926,33.459,32.048,32.347,31.417,32.872,32.666,32.257
BLR,Belarus,Europe,Northern Hemisphere,60,52.03,52.091,52.634,53.102,53.877,54.608,54.385,53.628,53.092,52.866,53.211,53.56,53.911,54.262,54.614,54.965,55.316,55.667,56.017,56.365,56.713,57.058,57.402,57.745,58.087,58.429,58.769,58.582,58.161,58.275,57.728,57.311
BLZ,Belize,America,Northern Hemisphere,123,32.531,33.296,34.088,34.452,34.333,35.673,37.021,38.381,39.274,39.305,39.805,40.313,40.823,41.333,41.848,42.367,42.89,43.418,43.948,44.477,45.003,45.53,46.052,46.572,47.486,48.362,49.238,48.848,49.076,49.107,45.859,46.897
BOL,Bolivia,America,Southern Hemisphere,118,56.838,57.336,57.306,57.69,58.14,58.594,58.981,59.465,59.361,59.256,59.15,59.874,60.593,61.307,62.016,62.72,63.421,61.527,62.034,62.625,62.26,61.896,57.682,58.808,61.197,54.638,56.972,59.159,63.603,60.751,54.719,68.283
BRA,Brazil,America,Southern Hemisphere,87,41.384,41.461,42.701,43.947,45.2,46.458,45.235,46.155,46.949,48.119,49.479,50.838,52.191,52.442,53.515,54.618,54.368,54.172,53.872,54.325,52.931,51.53,51.438,51.296,51.252,51.743,51.713,52.624,52.758,53.436,47.71,49.11
BRB,Barbados,America,Northern Hemisphere,70,60.043,58.088,59.16,60.13,61.095,62.629,61.335,62.168,62.03,61.557,62.682,63.792,62.817,63.962,64.46,64.479,62.765,61.949,62.513,62.142,61.922,63.032,61.039,61.953,60.464,60.82,61.881,60.506,59.466,59.027,55.562,56.055
BRN,Brunei,Asia,Northern Hemisphere,51,46.133,46.457,47.422,48.398,49.391,50.4,51.44,52.488,53.525,54.536,55.511,56.415,56.414,56.403,56.388,56.376,56.375,56.374,56.375,56.381,56.391,56.405,56.352,56.311,56.283,56.27,56.273,56.288,57.347,55.184,54.357,54.069
BTN,Bhutan,Asia,Northern Hemisphere,127,58.691,58.576,58.473,58.379,58.284,58.198,58.591,59.088,59.652,60.263,60.911,61.65,62.415,63.179,63.902,64.557,64.863,65.161,65.443,65.697,63.415,62.409,63.061,58.319,54.076,55.106,54.925,54.643,54.291,53.917,50.902,51.625
BWA,Botswana,Africa,Southern Hemisphere,117,46.189,46.302,46.412,46.529,46.666,46.83,46.965,47.137,47.336,47.887,48.462,49.115,49.772,50.43,51.086,51.741,52.394,53.452,54.508,55.567,52.685,53.122,53.565,54.007,54.442,54.867,55.272,55.672,56.068,56.466,56.423,56.282
CAF,Central African Republic,Africa,Northern Hemisphere,188,64.052,64.044,64.05,64.066,64.092,64.128,64.12,64.119,64.127,64.145,64.172,64.13,64.105,64.092,64.086,64.084,64.028,63.979,63.943,63.923,63.924,63.83,63.753,63.695,63.654,63.627,63.687,63.764,63.853,63.948,62.916,63.312
CAN,Canada,America,Northern Hemisphere,15,58.492,58.421,57.835,57.659,57.516,57.472,57.459,57.784,58.384,58.909,59.397,59.755,60.91,61.894,61.99,61.658,61.88,62.501,62.546,62.42,62.402,62.158,62.121,62.174,61.551,61.219,61.28,61.481,61.298,61.444,59.515,60.801
CHE,Switzerland,Europe,Northern Hemisphere,1,56.981,56.801,57.126,56.942,56.228,55.853,57.029,56.949,58.175,58.178,57.637,58.822,59.298,59.462,59.105,59.34,59.75,59.931,61.291,61.573,59.986,60.528,60.828,61.138,61.898,62.279,62.833,62.6,62.898,62.971,62.504,61.728
CHL,Chile,America,Southern Hemisphere,42,31.637,32.486,33.803,34.528,35.051,36.143,36.963,37.689,38.045,38.281,37.877,36.896,36.611,37.957,39.37,40.281,41.437,42.379,44.32,44.752,45.558,47.536,47.792,47.942,48.606,48.462,48.234,48.742,49.318,49.487,44.573,44.172
CHN,China,Asia,Northern Hemisphere,79,73.022,72.778,72.532,72.285,72.037,71.788,71.538,71.286,71.033,70.778,70.522,69.868,69.206,68.536,67.857,67.17,66.476,65.774,65.065,64.349,63.626,63.816,63.681,63.567,63.568,63.565,63.468,63.292,63.114,63.014,61.818,61.612
CIV,Ivory Coast,Africa,Northern Hemisphere,159,47.169,47.22,47.299,47.4,47.515,47.636,47.671,47.718,47.777,47.658,47.544,47.435,47.332,47.232,47.136,47.042,46.952,46.864,46.778,46.696,46.617,46.543,46.472,46.404,46.34,46.28,46.224,46.172,46.254,46.332,45.901,45.92
CMR,Cameroon,Africa,Northern Hemisphere,151,78.96,78.94,78.934,78.941,78.964,79.002,79.028,79.07,79.124,79.187,79.252,79.29,79.329,79.369,79.411,79.453,79.466,79.487,76.732,73.727,70.477,70.486,70.499,70.517,70.543,70.578,70.612,70.656,70.71,70.772,70.098,70.154
COD,The Democratic Republic of the Congo,Africa,Northern Hemisphere,179,71.487,71.433,71.39,71.358,71.345,71.363,71.314,71.293,71.295,71.309,71.321,71.286,71.262,71.244,71.232,71.226,70.047,68.841,67.61,66.354,65.075,63.774,62.452,62.436,62.434,62.448,62.447,62.467,62.507,62.563,60.87,61.209
COG,Congo,Africa,Southern Hemisphere,153,65.86,65.95,66.053,66.162,66.267,66.365,66.448,66.525,66.595,66.66,66.722,66.747,66.776,66.804,66.824,66.832,66.854,66.867,66.874,66.885,66.908,66.825,66.766,66.728,66.708,66.704,66.734,66.784,66.854,66.941,64.162,65.062
COL,Colombia,America,Northern Hemisphere,88,51.198,51.266,51.662,52.278,52.977,53.602,53.723,54.098,54.034,53.18,53.493,53.624,52.572,53.92,52.123,51.34,51.336,49.194,49.923,53.509,55.393,56.223,57.724,57.56,57.644,58.188,57.879,57.735,57.012,56.001,50.267,52.182
COM,Comoros,Africa,Southern Hemisphere,156,31.223,31.214,31.224,31.252,31.3,31.368,31.44,31.526,31.626,31.74,31.866,31.974,32.094,32.221,32.347,32.368,32.39,32.414,32.438,32.464,32.491,32.52,32.549,32.58,32.613,32.696,32.764,32.849,32.948,33.054,31.914,32.119
CPV,Cabo Verde,Africa,Northern Hemisphere,128,41.177,41.4,41.655,41.938,42.242,42.562,42.889,43.217,43.541,43.855,44.155,44.45,44.736,45.014,45.288,45.566,45.896,46.243,46.606,46.987,47.387,47.877,48.428,49.034,49.678,50.342,50.987,51.659,48.596,49.797,45.355,46.91
CRI,Costa Rica,America,Northern Hemisphere,58,32.756,33.212,32.478,33.383,34.513,35.407,33.89,36.928,39.239,39.726,38.427,42.273,42.091,42.591,40.888,44.576,44.462,45.598,46.2,46.341,43.941,44.223,49.293,49.03,48.783,47.66,43.793,43.999,46.482,50.448,46.501,47.527
CUB,Cuba,America,Northern Hemisphere,83,37.981,36.975,35.897,34.497,34.571,34.782,35.506,35.752,35.745,36.28,36.832,37.117,37.3,37.72,38.293,39.296,40.349,40.953,41.246,42.421,41.905,41.68,41.885,42.056,42.044,42.347,42.226,42.234,42.287,42.176,39.711,40.285
CYP,Cyprus,Asia,Northern Hemisphere,29,41.909,42.557,42.991,43.702,44.415,45.127,45.842,46.555,47.266,47.975,48.68,51.342,52.009,53.391,53.064,52.891,54.021,55.511,55.635,56.427,57.585,57.201,56.662,56.791,58.342,57.509,56.179,56.646,57.213,57.3,56.414,56.648
CZE,Czechia,Europe,Northern Hemisphere,32,52.376,52.349,52.345,52.338,52.583,52.332,51.825,51.564,51.661,51.907,51.503,51.11,50.749,50.849,50.489,50.669,50.567,49.781,49.333,49.548,49.322,49.464,50.036,50.914,50.858,51.247,51.865,52.294,52.782,52.598,51.823,51.668
DEU,Germany,Europe,Northern Hemisphere,9,45.352,48.097,47.859,47.614,47.794,47.698,47.857,48.209,48.432,48.996,48.873,49.313,49.376,49.757,49.453,51.123,52.001,52.428,52.537,52.935,53.041,53.991,54.024,54.583,54.774,54.719,55.669,55.927,55.968,56.593,56.838,56.843
DJI,Djibouti,Africa,Northern Hemisphere,171,14.223,14.215,14.28,14.398,14.514,14.594,14.712,14.788,14.846,14.935,15.075,15.182,15.335,15.511,15.672,15.807,16.025,16.223,16.422,16.632,16.85,16.967,17.081,17.191,17.306,17.433,17.495,17.603,17.732,17.848,17.142,17.218
DMA,Dominica,America,Northern Hemisphere,102,,,,,,,,,,,,,,,,,,,,,,,,,,,,,,,,
DNK,Denmark,Europe,Northern Hemisphere,6,61.437,61.684,62.386,61.849,58.288,57.459,58.749,59.015,59.506,60.032,60.217,59.655,60.232,59.721,60.38,60.387,60.925,60.649,59.899,59.639,58.845,58.584,58.142,57.59,57.013,56.73,57.558,57.613,57.565,57.988,57.752,57.721
DOM,Dominican Republic,America,Northern Hemisphere,80,35.113,35.14,35.985,36.531,36.688,37.115,37.567,38.281,38.831,39.317,39.689,38.318,39.973,39.091,39.058,39.676,40.479,40.161,41.752,38.852,41.594,43.587,45.135,45.019,45.303,48.096,48.761,48.96,50.23,52.51,47.349,49.577
DZA,Algeria,Africa,Northern Hemisphere,91,10.923,11.042,11.163,11.313,11.475,11.647,11.824,11.963,12.105,12.25,12.4,12.557,12.718,12.882,13.05,13.221,13.396,13.574,13.756,13.94,14.178,14.375,15.823,16.602,15.619,16.3,16.945,16.819,16.692,16.6,15.445,15.684
ECU,Ecuador,America,Southern Hemisphere,95,47.061,47.434,47.488,47.525,47.909,47.999,48.004,48.459,51.623,51.123,50.621,50.117,49.61,49.102,52.673,51.861,52.646,51.904,51.978,49.619,47.969,47.026,48.041,48.092,47.656,51.881,55.386,56.155,54.466,54.393,48.293,53.344
EGY,Egypt,Africa,Northern Hemisphere,97,22.273,22.282,23.096,22.412,23.232,21.863,21.161,20.478,19.811,20.641,20.534,20.457,18.298,19.027,19.777,20.549,21.344,23.401,21.952,22.966,23.233,22.569,22.545,23.054,23.202,22.848,23.154,22.261,18.483,15.9,15.423,15.385
ERI,Eritrea,Africa,Northern Hemisphere,176,72.32,72.195,72.081,71.98,71.891,71.816,71.887,71.977,72.083,72.194,72.297,72.587,72.866,73.133,73.387,73.623,73.612,73.59,73.556,73.504,73.442,73.297,73.169,73.057,72.958,72.873,72.917,72.936,72.955,73.004,67.95,70.183
ESP,Spain,Europe,Northern Hemisphere,27,32.471,32.46,34.562,35.094,36.311,36.777,37.293,38.046,38.384,39.074,40.668,39.533,42.11,43.617,44.999,46.501,47.918,48.976,50.365,51.462,52.161,52.819,53.444,53.384,53.115,53.134,53.05,52.631,52.419,52.689,51.613,52.654
EST,Estonia,Europe,Northern Hemisphere,31,66.644,64.973,61.946,59.999,59.654,57.916,56.141,54.345,52.536,51.529,52.638,52.332,51.16,52.409,53.291,53.595,54.771,54.041,54.716,54.679,55.086,55.664,55.398,55.39,54.574,55.914,56.348,57.049,57.363,57.62,57.559,57.453
ETH,Ethiopia,Africa,Northern Hemisphere,175,66.594,66.57,66.559,66.558,66.565,67.354,68.125,68.886,69.637,70.377,71.105,71.826,72.534,73.23,73.914,74.588,74.549,74.511,74.472,74.433,74.393,74.353,74.312,74.273,74.369,74.468,74.551,74.639,74.729,74.817,71.029,72.335
FIN,Finland,Europe,Northern Hemisphere,11,58.981,57.718,56.328,55.492,54.777,56.249,54.592,54.834,55.1,56.146,56.188,56.533,56.857,56.526,56.309,56.749,57.046,57.355,57.369,56.945,56.008,55.786,55.968,55.517,55.466,55.595,54.99,55.189,55.879,55.789,55.25,56.46
FJI,Fiji,Oceania,Southern Hemisphere,99,39.5,39.55,39.479,39.468,39.422,39.409,39.372,38.969,38.565,38.157,37.747,37.325,36.902,36.479,36.058,34.834,36.572,38.335,40.121,41.924,43.739,45.562,44.138,42.731,41.339,39.801,38.284,38.296,38.308,38.315,37.957,37.701
FRA,France,Europe,Northern Hemisphere,28,46.622,46.822,47.248,47.72,47.92,48.166,48.555,48.24,48.559,48.899,49.066,48.871,49.085,50.32,50.135,50.456,50.52,50.897,51.101,51.444,51.455,51.323,51.541,51.73,51.639,51.587,51.527,51.305,51.424,51.252,50.622,51.897
FSM,Micronesia,Oceania,Northern Hemisphere,134,,,,,,,,,,,,,,,,,,,,,,,,,,,,,,,,
GAB,Gabon,Africa,Southern Hemisphere,112,38.374,38.312,38.266,38.236,38.224,38.231,38.237,38.263,38.308,38.367,38.44,38.534,38.639,38.75,38.86,38.962,39.118,39.259,39.382,39.485,39.568,39.679,39.781,39.86,39.915,39.955,39.845,39.747,39.663,39.602,39.001,39.117
GBR,United Kingdom,Europe,Northern Hemisphere,18,52.497,52.318,52.47,52.543,52.589,52.562,52.995,53.398,53.429,53.791,54.193,54.085,54.647,54.562,54.926,55.39,55.894,55.674,55.957,56.14,56.056,56.195,56.403,56.749,57.019,57.197,57.495,57.79,58.026,58.461,58.603,58.044
GEO,Georgia,Asia,Northern Hemisphere,63,57.203,57.893,58.667,59.538,60.521,59.861,58.437,57.192,56.691,58.109,55.001,58.063,55.836,57.43,56.77,55.847,53.56,54.82,54.054,54.5,55.677,56.023,57.153,56.331,57.242,58.888,57.799,56.623,55.534,54.51,50.733,50.995
GHA,Ghana,Africa,Northern Hemisphere,133,76.422,76.459,76.048,75.632,75.211,74.786,74.356,73.921,73.482,73.038,72.59,72.114,71.634,71.149,70.659,70.165,69.666,69.162,68.654,68.141,67.624,67.104,66.579,66.05,65.518,64.981,65.041,65.114,65.194,65.279,64.657,64.527
GIN,Guinea,Africa,Northern Hemisphere,182,63.427,63.307,63.218,63.155,63.114,63.091,63.007,62.949,62.914,62.901,62.911,62.839,62.794,62.774,62.773,62.787,62.81,62.844,62.889,62.944,63.007,63.07,63.145,63.229,63.318,63.409,63.553,63.702,63.856,64.014,61.487,62.061
GMB,Gambia,Africa,Northern Hemisphere,174,45.372,45.156,44.981,44.836,45.1,45.37,45.654,45.945,46.237,46.529,46.817,47.1,47.382,47.661,47.939,48.216,48.488,48.761,49.032,49.304,49.576,49.847,50.117,50.168,50.22,50.274,50.293,50.322,50.361,50.414,48.115,48.917
GNB,Guinea-Bissau,Africa,Northern Hemisphere,177,63.635,63.62,63.611,63.614,63.638,63.686,63.682,63.708,63.752,63.803,63.855,63.912,63.975,64.044,64.118,64.193,64.233,64.276,64.317,64.355,64.389,64.397,64.411,64.428,64.447,64.47,64.482,64.502,64.531,64.571,63.623,63.868
GNQ,Equatorial Guinea,Africa,Northern Hemisphere,145,49.498,49.463,49.397,49.333,49.313,49.351,49.437,49.576,49.732,49.868,49.974,50.052,50.138,50.203,50.239,50.256,50.328,50.406,50.468,50.521,50.582,50.626,50.713,50.803,50.887,50.978,51.008,51.085,51.169,51.251,49.414,49.926
GRC,Greece,Europe,Northern Hemisphere,33,35.143,32.858,33.93,34.225,34.657,35.097,36.185,35.82,39.286,40.228,40.236,39.456,39.991,40.645,41.97,42.02,42.34,42.26,42.355,43.438,44.014,43.712,43.915,43.685,44.039,44.673,44.953,44.671,44.253,44.357,43.441,43.297
GRD,Grenada,America,Northern Hemisphere,68,,,,,,,,,,,,,,,,,,,,,,,,,,,,,,,,
GTM,Guatemala,America,Northern Hemisphere,135,39.64,39.778,40.001,40.157,40.348,40.646,40.744,41.005,41.341,41.577,41.771,41.879,42.108,42.231,42.439,42.154,41.865,41.574,41.284,40.993,40.704,40.415,40.192,39.97,40.255,38.71,39.777,38.901,39.193,39.522,36.274,37.363
GUY,Guyana,America,Northern Hemisphere,108,37.096,37.783,38.518,39.22,38.691,38.15,37.569,36.978,36.383,35.792,35.211,34.663,34.116,34.562,35.022,35.497,35.989,36.504,37.03,37.553,38.065,38.57,39.061,39.547,40.041,40.55,41.073,41.607,42.152,42.506,39.689,40.304
HKG,Hong Kong,Asia,Northern Hemisphere,4,46.627,47.807,46.297,46.574,47.252,47.536,47.808,48.055,48.71,48.844,48.98,50.653,51.935,51.595,51.816,51.915,52.627,53.062,53.149,53.241,51.908,52.943,53.529,54.479,54.535,54.721,54.78,55.05,55.105,54.939,54.163,53.524
HND,Honduras,America,Northern Hemisphere,137,44.452,43.982,44.384,44.834,44.719,45.137,45.162,45.429,45.608,45.409,43.701,43.278,42.86,42.45,42.046,41.649,38.71,38.07,39.669,41.14,42.86,39.884,38.49,43.596,46.178,46.715,46.066,45.921,50.167,44.674,41.34,42.33
HRV,Croatia,Europe,Northern Hemisphere,40,45.74,46.034,45.775,45.523,45.277,45.037,44.801,44.571,44.346,44.124,43.905,42.369,43.905,42.749,43.548,42.545,42.737,45.131,45.737,46.713,46.146,44.627,44.559,44.607,46.451,46.902,45.456,45.596,45.53,45.197,44.703,45.925
HTI,Haiti,America,Northern Hemisphere,163,56.823,56.888,56.959,57.036,57.118,57.205,57.143,57.085,57.033,56.986,56.945,57.256,57.566,57.877,58.187,58.496,58.935,59.373,59.809,60.244,60.677,61.185,61.449,61.85,62.105,62.202,62.299,62.365,62.462,62.319,60.173,60.686
HUN,Hungary,Europe,Northern Hemisphere,46,46.525,46.701,46.764,44.749,42.779,40.612,39.953,39.109,40.526,41.462,41.679,41.107,41.37,42.34,42.223,43.053,43.376,42.957,42.718,42.824,43.761,43.957,44.974,45.135,46.463,47.37,48.051,48.385,48.714,48.787,48.545,52.064
IDN,Indonesia,Asia,Southern Hemisphere,114,50.371,49.426,50.282,49.345,50.607,50.621,50.629,49.791,51.052,51.128,51.631,49.945,48.008,47.802,47.19,46.034,45.96,49.791,50.333,50.251,50.923,50.937,51.445,50.674,50.599,50.735,50.909,51.964,53.09,53.925,53.176,53.704
IND,India,Asia,Northern Hemisphere,132,30.443,30.453,30.493,30.57,30.692,30.656,30.621,30.584,30.548,30.512,30.477,30.771,31.065,31.362,31.658,31.955,30.712,29.49,28.29,27.114,25.965,24.509,23.099,22.65,22.208,21.775,21.351,20.934,20.526,21.179,18.603,19.233
IRL,Ireland,Europe,Northern Hemisphere,8,38.399,39.001,38.92,40.563,41.572,42.106,43.597,44.692,46.976,48.988,50.081,50.244,51.285,51.749,51.96,54.548,55.383,57.015,56.849,56.119,55.243,54.962,54.764,55.269,54.931,54.852,55.588,55.648,56.038,56.238,55.088,56.526
IRN,Iran,Asia,Northern Hemisphere,76,10,10.041,10.142,10.245,10.354,10.471,10.593,11.333,12.114,12.934,13.79,14.682,15.61,16.578,17.588,18.645,18.033,17.019,14.807,15.774,15.239,13.74,14.785,13.315,12.929,14.283,16.131,17.351,17.44,16.928,13.835,14.354
IRQ,Iraq,Asia,Northern Hemisphere,121,8.282,8.333,8.399,8.454,8.505,8.551,8.599,8.643,8.944,9.255,9.574,9.901,10.238,10.585,10.942,11.309,11.69,12.082,12.01,11.938,11.866,11.79,11.716,12.608,13.552,14.012,14.484,11.193,11.287,11.338,11.066,11.078
ISL,Iceland,Europe,Northern Hemisphere,3,67.733,67.454,68.736,68.988,69.375,71.284,69.554,68.557,70.127,72.212,73.743,72.617,71.968,71.607,71.243,70.877,71.505,71.542,70.909,70.266,70.628,70.212,70.837,71.476,72.15,73.099,73.179,72.319,71.059,70.213,68.057,61.671
ISR,Israel,Asia,Northern Hemisphere,22,46.22,46.632,47.93,49.068,50.703,51.66,51.458,51.415,51.335,52.478,53.486,53.74,53.302,54.187,54.679,55.292,55.666,56.17,56.212,57.14,57.482,57.14,58.12,58.229,59.197,59.113,59.377,59.251,59.78,59.556,58.196,58.518
ITA,Italy,Europe,Northern Hemisphere,30,34.97,35.955,33.982,33.536,33.489,33.517,33.962,34.186,34.681,35.413,35.699,36.237,36.79,37.347,38.418,38.051,38.193,37.945,38.681,38.25,38.191,38.408,39.721,39.692,40.139,39.786,40.458,40.943,41.106,41.258,39.84,39.89
JAM,Jamaica,America,Northern Hemisphere,110,62.35,61.763,61.168,60.566,59.959,59.348,58.732,58.113,57.493,56.398,54.898,53.406,53.15,52.896,55.273,55.864,56.441,57.014,57.284,55.615,54.696,54.778,54.868,56.255,55.866,56.251,58.596,59.073,57.916,58.439,54.93,56.095
JOR,Jordan,Asia,Northern Hemisphere,102,13.865,14.128,14.356,14.572,14.804,15.06,15.114,15.199,15.302,15.4,15.484,15.567,15.639,15.714,15.769,15.815,15.849,15.891,15.943,16.007,16.093,16.177,16.274,16.379,16.498,16.647,16.799,16.961,14.976,13.996,13.332,13.469
JPN,Japan,Asia,Northern Hemisphere,19,50.076,50.674,50.716,50.282,50.143,49.945,49.988,50.387,50.051,49.595,49.211,49.074,48.477,48.183,48.179,48.3,48.407,48.392,48.369,48.44,48.342,48.093,48.03,48.836,49.132,49.569,50.262,51.095,52.444,53.323,53.182,53.3
KAZ,Kazakhstan,Asia,Northern Hemisphere,56,64.742,65.107,65.294,65.643,66.176,66.514,66.421,66.271,66.289,66.127,65.711,65.223,64.92,65.013,64.753,64.556,64.952,65.795,66.667,65.146,65.383,65.414,65.444,65.476,65.425,65.376,64.296,63.202,64.028,64.01,63.623,63.27
KEN,Kenya,Africa,Northern Hemisphere,152,69.448,69.54,69.659,69.796,69.939,70.078,70.186,70.268,70.341,70.424,70.485,70.544,70.604,70.664,70.723,70.783,70.843,70.903,70.963,71.023,71.083,71.142,71.202,71.261,71.321,71.38,71.44,71.644,71.859,72.086,70.845,70.984
KGZ,Kyrgyzstan,Asia,Northern Hemisphere,118,50.162,51.106,52.774,54.69,57.494,58.36,57.637,56.59,56.514,56.242,55.719,55.184,55.284,54.394,53.502,53.838,54.204,53.912,53.624,52.69,52.382,52.827,51.775,49.19,50.357,49.914,48.336,45.905,44.164,43.974,41.564,42.141
KHM,Cambodia,Asia,Northern Hemisphere,146,76.703,76.535,76.398,76.381,78.446,78.148,78.022,77.97,77.878,77.441,76.479,81.869,79.87,77.749,75.506,75.212,74.932,74.671,76.031,77.377,81.273,81.844,78.357,74.4,74.387,73.416,75.915,76.421,76.261,76.116,73.806,73.96
KIR,Kiribati,Oceania,Northern Hemisphere,136,,,,,,,,,,,,,,,,,,,,,,,,,,,,,,,,
KNA,Saint Kitts and Nevis,America,Northern Hemisphere,75,,,,,,,,,,,,,,,,,,,,,,,,,,,,,,,,
KOR,South Korea,Asia,Northern Hemisphere,19,46.721,46.868,46.853,46.814,47.581,48.156,48.655,49.55,46.843,47.403,49.183,49.81,50.231,49.319,50.55,50.63,50.872,50.789,50.502,49.678,49.895,50.081,50.299,50.621,51.803,52.296,52.516,53.029,53.137,53.737,53.072,53.391
KWT,Kuwait,Asia,Northern Hemisphere,50,43.837,44.18,44.167,44.434,44.582,44.005,44.289,44.688,45.091,45.858,46.042,46.357,46.446,45.526,45.873,46.237,46.696,47.166,47.632,48.083,48.51,48.881,49.233,49.563,49.866,50.142,50.381,50.73,50.579,50.526,45.963,47.428
LAO,Lao,Asia,Northern Hemisphere,140,80.945,80.886,80.774,80.646,80.43,80.254,80.029,79.802,79.573,79.342,79.109,78.875,78.64,78.403,78.164,77.923,77.678,77.43,77.181,76.928,76.673,76.532,76.398,76.273,76.164,76.07,75.99,75.919,75.862,75.827,75.028,74.785
LBN,Lebanon,Asia,Northern Hemisphere,112,19.077,19.336,19.449,19.596,19.752,19.919,19.825,19.917,19.977,20.117,20.207,20.052,19.954,19.907,19.863,20.044,20.289,20.545,20.693,20.804,20.913,21.039,21.099,21.084,21.076,21.132,21.271,21.411,21.612,21.885,20.624,20.75
LBR,Liberia,Africa,Northern Hemisphere,178,71.24,71.279,71.352,71.444,71.522,71.541,71.582,71.616,71.639,71.668,71.732,71.698,71.682,71.685,71.69,71.677,71.654,71.633,71.616,71.611,71.629,71.643,71.672,71.717,71.776,71.848,71.918,71.998,72.087,72.182,68.782,69.782
LBY,Libya,Africa,Northern Hemisphere,104,28.973,29.24,29.547,29.877,30.206,30.523,30.836,31.124,31.398,31.678,31.97,32.261,32.559,32.85,33.112,33.337,33.506,33.637,33.736,33.819,33.895,33.897,33.897,33.895,33.887,33.873,33.916,33.971,34.035,34.111,33.791,34.119
LCA,Saint Lucia,America,Northern Hemisphere,106,48.242,48.302,48.815,49.335,49.857,50.378,50.905,51.427,51.947,52.469,52.996,53.521,54.36,55.196,56.027,56.852,57.673,58.49,59.305,60.117,60.93,61.744,64.535,63.365,63.699,64.032,64.363,64.693,64.773,65.079,62.769,63.158
LIE,Liechtenstein,Europe,Northern Hemisphere,16,,,,,,,,,,,,,,,,,,,,,,,,,,,,,,,,
LKA,Sri Lanka,Asia,Northern Hemisphere,73,45.128,40.969,36.866,37.621,37.838,35.536,35.424,35.2,41.272,37.594,36.286,36.044,35.806,35.57,35.337,35.105,34.873,34.642,34.412,34.181,33.95,33.941,32.654,34.981,34.241,35.403,35.344,36.199,33.221,32.945,30.778,30.897
LSO,Lesotho,Africa,Southern Hemisphere,168,67.12,67.042,66.961,66.901,66.888,66.933,67.034,67.168,67.32,67.478,66.823,66.138,65.436,64.719,63.993,63.262,62.527,61.786,61.037,60.281,59.516,58.744,57.963,57.175,57.255,57.36,57.407,57.479,57.561,57.64,55.554,56.071
LTU,Lithuania,Europe,Northern Hemisphere,35,52.756,52.835,53.365,53.975,54.404,54.242,54.008,53.689,53.441,55.131,54.975,53.561,52.61,55.022,51.475,50.767,50.205,50.214,50.538,52.058,52.546,52.708,53.206,52.956,53.887,54.444,55.638,55.821,56.529,57.295,57.398,57.338
LUX,Luxembourg,Europe,Northern Hemisphere,17,33.551,35.879,39.144,37.628,38.422,35.941,37.131,38.244,38.624,40.831,41.363,42.426,43.551,43.705,45.467,46.398,46.969,47.539,48.108,49.933,49.787,50.27,51.902,52.508,53.446,54.563,53.515,54.958,55.785,55.812,56.995,58.481
LVA,Latvia,Europe,Northern Hemisphere,39,49.744,49.934,51.328,51.869,51.705,51.712,51.543,52.384,51.671,49.923,49.031,50.202,51.356,50.81,50.711,50.655,52.204,53.103,54.995,54.516,53.889,53.029,54.306,54.011,53.407,54.111,54.979,55.159,55.794,55.684,56.032,54.542
MAR,Morocco,Africa,Northern Hemisphere,123,23.042,23.274,23.386,23.509,23.779,23.922,24.23,24.455,24.785,25.052,25.297,25.586,25.015,25.278,25.543,25.811,26.077,26.344,26.612,26.255,25.899,25.465,24.693,25.041,25.092,24.666,23.57,23.129,23.189,23.249,21.747,22.009
MCO,Monaco,Europe,Northern Hemisphere,,,,,,,,,,,,,,,,,,,,,,,,,,,,,,,,,
MDA,Moldova,Europe,Northern Hemisphere,80,53.226,54.042,54.647,54.92,55.181,55.13,55.684,55.472,56.177,56.531,56.276,54.636,54.207,49.1,47.931,47.497,42.977,42.154,41.549,39.683,38.607,39.275,38.18,38.562,40.019,41.158,41.266,39.412,34.348,38.117,36.107,33.877
MDG,Madagascar,Africa,Southern Hemisphere,173,84.414,84.42,84.433,84.45,84.467,84.483,84.477,84.473,84.473,84.477,84.487,84.484,84.492,84.509,84.531,84.558,84.464,84.37,84.275,84.18,84.085,83.989,83.892,83.795,83.697,83.599,83.664,83.725,83.783,83.841,80.91,81.531
MDV,Maldives,Asia,Northern Hemisphere,90,20.18,21.68,23.245,24.866,26.535,28.24,30.048,31.89,33.76,35.651,37.557,37.442,37.318,37.194,37.08,36.979,36.887,36.798,36.697,36.566,36.923,37.2,37.469,37.737,38.011,38.299,38.591,38.046,36.852,35.333,33.852,34.326
MEX,Mexico,America,Northern Hemisphere,86,33.302,33.671,34.651,35.646,36.611,37.599,37.49,39.352,39.191,38.198,38.639,37.722,37.889,38.557,39.693,40.565,41.742,42.068,41.965,42.548,42.332,42.685,43.667,43.701,42.89,43.2,43.236,42.759,43.294,44.543,40.804,43.809
MHL,Marshall Islands,Oceania,Northern Hemisphere,131,,,,,,,,,,,,,,,,,,,,,,,,,,,,,,,,
MKD,North Macedonia,Europe,Northern Hemisphere,78,45.473,45.766,45.208,44.65,44.092,43.533,42.974,41.124,40.986,40.851,41.622,41.591,41.562,43.465,43.447,43.429,41.947,43.016,42.75,42.637,42.936,43.531,43.061,44.518,44.009,43.472,42.324,42.73,43.045,44.944,41.817,42.397
MLI,Mali,Africa,Northern Hemisphere,186,60.855,60.834,60.82,60.815,60.82,60.838,60.806,60.798,60.804,60.811,60.813,60.782,60.752,60.725,60.701,60.681,60.616,60.564,60.525,60.495,60.476,60.416,60.378,60.357,60.35,61.401,59.751,58.084,58.122,58.175,57.615,57.678
MLT,Malta,Europe,Northern Hemisphere,23,26.311,26.412,26.848,27.326,27.492,27.613,28.124,28.673,28.851,29.323,29.697,29.503,30.876,30.738,28.488,30.327,30.504,32.409,33.541,34.084,34.836,36.095,39.121,41.232,42.88,43.611,45.297,46.935,49.779,51.555,53.223,53.084
MMR,Myanmar,Asia,Northern Hemisphere,149,64.55,64.748,63.962,63.508,62.934,62.421,61.969,61.597,61.213,60.427,59.452,58.679,57.88,56.992,56.161,55.372,54.652,54.028,53.525,53.035,52.616,52.391,52.1,51.779,51.488,51.247,49.286,47.327,48.067,45.631,43.062,40.987
MNE,Montenegro,Europe,Northern Hemisphere,49,42.945,43.143,43.245,43.269,43.146,42.991,42.865,42.783,42.639,42.941,42.843,42.828,42.79,42.735,42.624,42.525,42.343,42.223,42.121,42.202,42.159,42.114,43.494,43.687,46.233,47.645,47.584,47.463,48.102,49.924,46.414,47.817
MNG,Mongolia,Asia,Northern Hemisphere,96,56.043,56.397,56.798,56.958,56.902,56.687,56.628,56.509,56.411,56.326,56.311,56.241,56.121,55.941,55.859,55.777,55.695,55.612,53.982,53.723,54.181,54.923,54.383,53.842,54.386,53.904,52.851,53.887,51.936,53.245,51.522,51.495
MOZ,Mozambique,Africa,Southern Hemisphere,185,86.45,86.604,86.735,86.84,86.926,87.005,86.972,86.958,87.099,87.241,87.384,87.527,87.67,87.812,87.158,86.479,85.772,85.037,84.275,83.485,82.666,81.818,80.941,80.035,79.099,78.132,78.181,78.242,78.313,78.388,77.643,77.657
MRT,Mauritania,Africa,Northern Hemisphere,158,29.4,29.416,29.449,29.495,29.543,29.591,29.62,29.645,29.674,29.711,29.759,29.588,29.422,29.26,29.102,28.948,28.798,28.651,28.509,28.37,28.235,28.105,27.979,27.936,27.893,27.851,27.81,27.769,27.817,27.87,27.416,27.396
MUS,Mauritius,Africa,Southern Hemisphere,63,38.387,38.529,38.577,38.607,38.671,38.773,38.74,38.696,38.644,38.587,38.531,38.069,37.622,38.603,39.592,41.03,41.036,39.995,40.851,41.285,42.759,41.774,42.116,43.998,44.227,45.364,44.354,44.599,44.443,45.217,43.137,43.404
MWI,Malawi,Africa,Southern Hemisphere,169,75.714,75.658,75.646,75.661,75.67,75.65,75.587,75.519,75.452,75.259,75.068,74.878,74.689,74.502,74.316,74.132,73.947,73.764,73.581,73.399,73.217,73.036,72.855,72.675,72.759,72.847,72.957,73.064,73.174,73.298,70.81,71.559
MYS,Malaysia,Asia,Northern Hemisphere,62,45.443,45.392,46.207,46.603,45.963,45.316,46.373,45.863,44.962,44.885,45.411,45.257,44.815,45.374,44.721,43.911,43.995,43.74,43.089,43.658,43.495,45.005,46.524,49.204,50.128,50.467,50.623,50.958,51.373,51.74,51.474,51.188
NAM,Namibia,Africa,Southern Hemisphere,139,47.776,47.82,47.878,47.948,48.026,47.665,47.308,46.951,47.07,47.189,47.308,47.79,48.273,48.755,49.238,49.721,50.203,50.686,51.169,51.652,52.135,52.619,53.103,58.581,57.221,56.374,55.527,55.467,55.419,55.419,54.318,54.532
NER,Niger,Africa,Northern Hemisphere,189,69.503,69.477,69.458,69.445,69.44,69.444,69.393,69.36,69.337,69.318,69.298,69.232,69.178,69.132,69.091,69.057,68.997,68.948,68.907,68.875,68.85,68.812,66.694,64.529,62.332,62.33,62.32,62.319,62.326,62.339,61.738,61.73
NGA,Nigeria,Africa,Northern Hemisphere,163,56.391,56.408,56.454,56.524,56.612,56.713,56.745,56.797,56.861,56.928,56.993,56.974,56.965,56.96,56.958,56.956,56.896,56.854,56.823,56.8,56.784,56.742,54.186,51.608,51.189,50.77,50.352,49.934,49.516,49.098,47.593,47.93
NIC,Nicaragua,America,Northern Hemisphere,126,39.2,39.115,37.63,36.161,34.711,33.283,33.601,33.881,34.17,34.997,35.832,36.672,37.518,38.371,39.229,40.093,40.957,41.827,42.7,43.575,44.45,45.325,46.199,47.073,47.948,48.357,48.733,49.086,48.646,48.206,46.43,46.803
NLD,Netherlands,Europe,Northern Hemisphere,10,43.895,44.812,46.117,46.587,47.723,48.33,49.321,50.67,51.499,53.077,54.166,55.125,55.907,56.498,56.952,55.629,56.142,57.395,58.339,58.787,58.698,58.756,59.283,59.241,58.447,58.787,58.671,58.785,59.086,59.8,59.874,62.444
NOR,Norway,Europe,Northern Hemisphere,2,55.099,55.086,54.893,54.984,55.507,57.171,58.425,59.805,61.145,61.105,61.23,61.498,62.355,60.976,61.168,60.711,61.036,62.084,63.243,62.611,61.779,61.639,61.602,61.56,62.87,62.29,62.103,61.482,61.805,62.16,62.041,60.294
NPL,Nepal,Asia,Northern Hemisphere,143,81.258,81.317,81.404,81.512,81.637,81.771,81.745,81.737,81.75,81.794,81.554,81.295,81.032,80.765,80.495,80.224,79.945,79.663,79.384,79.497,79.664,79.915,80.293,80.746,81.19,81.573,81.965,82.243,82.415,82.493,75.698,78.691
NRU,Nauru,Oceania,Southern Hemisphere,,,,,,,,,,,,,,,,,,,,,,,,,,,,,,,,,
NZL,New Zealand,Oceania,Southern Hemisphere,13,53.941,54.264,54.002,53.911,55.046,55.812,57.175,57.081,56.976,57.273,57.415,58.269,58.987,59.306,59.786,60.784,61.289,61.659,61.923,61.825,61.565,61.978,62.05,62.427,63.373,63.416,64.665,65.565,65.794,65.873,65.251,65.075
OMN,Oman,Asia,Northern Hemisphere,54,21.781,21.732,21.637,21.688,21.886,22.098,22.322,22.495,22.836,23.297,23.499,23.677,24.12,24.647,25.197,25.726,26.169,26.603,27.02,27.406,27.757,28.035,28.323,28.65,29.033,29.476,29.985,30.04,29.998,30.026,27.68,28.721
PAK,Pakistan,Asia,Northern Hemisphere,161,11.226,13.806,13.817,14.184,14.48,12.552,13.702,14.929,15.236,15.675,16.123,16.167,16.212,16.975,17.758,18.328,18.924,19.286,19.824,20.952,22.004,22.186,22.464,22.745,22.944,23.936,23.112,22.302,21.508,21.418,20.609,20.727
PAN,Panama,America,Northern Hemisphere,61,37.248,37.976,39.19,40.435,41.331,42.392,42.645,42.899,42.958,43.019,43.944,44.872,45.802,46.274,46.278,47.041,45.469,45.954,46.956,47.951,45.522,44.313,46.611,47.961,48.125,49.253,49.303,49.486,51.108,53.808,46.714,50.39
PER,Peru,America,Southern Hemisphere,84,43.658,43.747,43.512,44.845,46.179,49.199,51.749,54.273,55.073,57.729,53.617,58.659,60.692,62.687,64.636,66.535,68.278,70.543,70.737,71.04,72.551,71.856,70.964,70.257,69.363,67.722,69.07,69.421,69.867,70.043,56.92,66.069
PHL,Philippines,Asia,Northern Hemisphere,116,47.226,47.344,47.429,47.446,47.378,47.299,47.182,47.088,47.191,47.167,47.097,47.076,47.033,46.945,46.626,47.367,47.498,47.481,46.925,47.715,47.969,48.798,48.336,48.241,49.024,48.59,48.12,44.98,45.469,46.503,42.62,43.836
PLW,Palau,Oceania,Northern Hemisphere,80,,,,,,,,,,,,,,,,,,,,,,,,,,,,,,,,
PNG,Papua New Guinea,Oceania,Southern Hemisphere,156,72.412,71.969,71.31,70.493,70.311,70.618,70.348,70.696,71.051,71.083,71.366,69.266,67.083,64.824,62.498,60.112,57.677,55.205,52.708,50.196,47.684,47.723,47.635,47.574,47.216,46.997,46.938,46.894,46.974,46.871,46.425,46.254
POL,Poland,Europe,Northern Hemisphere,34,53.111,53.463,53.359,52.865,52.272,51.133,50.52,49.938,49.702,49.371,50.081,50.284,48.995,47.981,47.354,47.656,46.571,46.223,46.551,47.209,47.601,47.76,48.142,48.154,48.489,48.415,48.316,48.407,48.434,48.129,47.867,49.2
PRK,North Korea,Asia,Northern Hemisphere,,76.596,76.833,77.201,77.465,77.625,77.89,78.106,78.475,78.566,78.327,78.347,78.213,78.196,78.15,78.092,77.956,78.035,78.117,78,78.063,78.106,78.089,78.05,78.023,77.997,78.072,77.919,78.105,78.327,78.408,77.501,77.185
PRT,Portugal,Europe,Northern Hemisphere,38,47.44,49.8,49.316,49.395,49.492,49.426,49.287,49.343,51.884,52.3,52.726,53.433,54.054,54.735,54.273,55.253,55.507,55.945,55.817,55.644,55.864,54.634,54.703,54.153,53.812,53.759,53.507,54.074,54.48,54.774,53.603,53.975
PRY,Paraguay,America,Southern Hemisphere,105,51.047,51.182,51.072,51.478,51.971,52.713,52.696,53.104,52.907,52.515,52.002,51.723,51.606,51.399,56.765,55.537,50.865,53.886,53.606,54.973,52.878,54.303,59.724,57.522,54.219,54.661,56.293,56.646,59.247,60.085,56.93,59.636
PSE,"Palestine, State of",Asia,Northern Hemisphere,106,11.998,12.011,12.064,12.065,12.071,12.099,12.058,12.163,12.284,12.367,12.344,9.978,9.986,12.39,12.728,12.628,13.333,14.833,14.52,14.384,13.838,15.401,15.933,15.584,16.307,17.713,17.144,17.367,17.372,18.078,16.158,16.667
QAT,Qatar,Asia,Northern Hemisphere,42,45.234,45.764,45.668,45.977,46.091,46.258,46.097,44.993,44.681,44.72,44.608,45.105,45.405,45.963,45.947,46.752,47.858,49.042,49.082,49.327,51.089,52.235,53.578,55.055,56.621,58.205,58.253,58.303,58.307,58.386,57.347,57.215
ROU,Romania,Europe,Northern Hemisphere,53,61.982,62.526,62.94,62.113,61.282,60.446,57.378,59.646,58.563,58.646,58.187,57.091,51.269,49.048,48.687,46.865,47.843,47.475,46.829,46.655,46.204,46.103,46.252,46.003,46.19,45.256,44.461,45.912,45.673,45.602,45.383,42.795
RUS,Russian Federation,Europe,Northern Hemisphere,52,57.792,57.798,57.94,56.055,54.12,53.571,52.738,51.741,51.078,54.457,54.555,53.42,54.432,54.186,54.667,55.148,55.522,56.129,56.062,56.201,55.88,56.13,56.064,55.752,55.675,55.491,55.609,55.656,55.863,55.314,55.135,54.489
RWA,Rwanda,Africa,Southern Hemisphere,165,83.573,83.706,83.926,84.256,84.661,85.03,85.004,84.933,84.863,84.792,84.722,84.651,84.579,84.506,84.434,84.363,84.292,84.221,84.15,84.079,84.008,83.937,83.867,83.796,83.726,83.768,83.831,83.876,83.914,83.965,82.291,82.501
SAU,Saudi Arabia,Asia,Northern Hemisphere,35,14.964,14.532,14.501,14.795,15.106,15.429,15.78,16.14,16.499,16.845,15.79,15.35,15.184,15.933,16.716,17.542,18.421,17.952,17.579,17.135,18.436,19.812,20.36,19.963,20.265,21.175,22.021,20.139,21.905,26.763,31.957,30.937
SDN,Sudan,Africa,Northern Hemisphere,172,23.589,24.422,25.269,26.13,27.004,27.89,28.791,28.784,28.778,28.772,28.766,28.76,28.754,28.75,28.749,28.752,28.772,28.795,28.819,28.84,28.856,28.858,28.928,29.005,29.088,29.178,29.263,29.354,29.45,29.549,28.225,28.653
SEN,Senegal,Africa,Northern Hemisphere,170,32.197,32.252,32.311,32.382,32.476,32.6,32.674,32.778,32.903,33.034,33.161,33.25,33.341,33.432,33.517,33.593,33.638,33.71,33.785,33.866,33.951,34.04,34.134,34.232,34.334,34.438,34.46,34.493,34.537,34.593,33.26,33.51
SGP,Singapore,Asia,Northern Hemisphere,12,46.897,47.452,48.011,48.57,49.222,50.05,50.632,51.133,51.177,51.73,52.159,52.63,51.662,52.385,52.847,53.546,54.192,54.808,57.26,56.887,58.08,58.83,59.798,60.129,61.358,62.568,62.511,62.139,62.069,62.264,59.926,59.406
SLB,Solomon Islands,Oceania,Southern Hemisphere,155,84.285,84.187,83.898,83.865,83.684,83.533,83.569,83.694,83.724,83.823,84.407,84.787,84.986,84.859,84.784,84.689,84.543,84.387,84.239,84.478,84.342,84.026,83.969,83.959,83.973,83.978,83.961,83.93,83.894,83.89,83.051,83.057
SLE,Sierra Leone,Africa,Northern Hemisphere,181,64.728,64.649,64.592,64.562,64.556,64.56,64.527,64.543,64.584,64.617,64.613,64.616,64.636,64.665,65.917,64.998,64.069,63.128,62.178,61.218,60.249,59.272,58.287,57.296,56.3,56.418,56.533,56.651,56.776,56.919,56.211,56.086
SLV,El Salvador,America,Northern Hemisphere,125,38.886,39.087,39.718,41.405,42.849,41.172,40.089,40.19,44.005,43.953,43.73,43.497,43.27,45.267,43.545,44.341,45.131,44.924,45.166,45.407,45.652,45.395,46.129,47.359,45.875,44.797,45.444,44.729,44.474,45.352,42.446,43.579
SMR,San Marino,Europe,Northern Hemisphere,44,,,,,,,,,,,,,,,,,,,,,,,,,,,,,,,,
SOM,Somalia,Africa,Northern Hemisphere,,21.712,21.62,21.555,21.506,21.442,21.335,21.201,21.07,20.94,20.828,20.747,20.634,20.573,20.55,20.543,20.545,20.5,20.459,20.435,20.443,20.488,20.508,20.571,20.66,20.753,20.838,20.915,20.98,21.04,21.106,20.833,20.901
SRB,Serbia,Europe,Northern Hemisphere,63,49.111,49.518,49.716,49.755,49.509,49.195,48.771,48.322,48.113,48.706,48.322,47.932,47.602,47.381,46.984,44.588,42.531,42.809,43.285,41.248,38.974,37.933,38.249,40.4,43.78,43.424,45.406,46.255,46.654,47.062,46.483,46.618
SSD,South Sudan,Africa,Northern Hemisphere,191,71.567,71.517,71.514,71.541,71.554,71.499,71.465,71.438,71.406,71.385,71.39,71.371,71.394,71.448,71.508,71.558,71.587,71.615,71.649,71.704,71.794,71.828,71.88,71.951,72.035,72.136,72.207,72.281,72.363,72.451,69.228,70.44
STP,Sao Tome and Principe,Africa,Northern Hemisphere,138,36.701,36.765,36.833,36.916,37.022,37.153,37.263,37.402,37.549,37.685,37.798,37.866,37.918,37.934,37.919,37.872,37.884,37.881,37.872,37.857,37.844,37.834,37.818,37.806,37.817,37.852,37.916,37.999,38.102,38.218,36.777,37.137
SUR,Suriname,America,Northern Hemisphere,99,33.254,33.339,33.167,32.31,32.412,32.263,32.379,32.502,32.628,32.755,33.458,34.171,34.88,35.591,36.306,37.03,37.758,38.493,39.233,39.975,40.718,41.463,42.208,42.955,43.703,44.453,45.204,45.344,45.588,45.443,42.667,43.449
SVK,Slovakia,Europe,Northern Hemisphere,45,59.192,59.704,57.433,55.127,51.363,51.493,52.279,51.742,51.135,51.624,52.268,52.86,52.376,52.658,52.558,51.313,50.73,50.61,51.009,50.316,50.818,50.168,50.705,51.051,51.102,51.967,52.57,52.696,52.301,52.315,51.941,54.743
SVN,Slovenia,Europe,Northern Hemisphere,23,51.213,51.224,51.255,51.234,51.21,51.201,51.194,52.373,53.379,51.426,51.409,51.119,51.907,50.182,52.836,52.902,53.276,53.335,53.57,53.626,53.249,52.313,52.209,51.586,52.202,51.879,52.001,53.804,53.751,53.254,53.218,53.763
SWE,Sweden,Europe,Northern Hemisphere,7,63.136,62.473,61.106,59.457,58.621,59.092,59.265,58.687,58.146,58.839,58.359,58.493,58.591,58.712,58.401,58.823,59.22,59.674,59.789,59.344,58.937,59.471,59.721,60.203,60.399,60.69,60.743,60.996,61.159,61.188,60.628,61.651
SWZ,Eswatini,Africa,Southern Hemisphere,144,43.886,43.999,44.089,44.178,44.301,44.476,44.587,44.76,44.983,45.221,45.456,45.643,45.791,45.915,46.037,46.164,46.281,46.388,46.482,46.56,46.625,46.667,46.73,46.797,46.848,46.877,47.027,47.122,47.194,47.291,44.884,45.622
SYC,Seychelles,Africa,Southern Hemisphere,72,,,,,,,,,,,,,,,,,,,,,,,,,,,,,,,,
SYR,Syrian Arab Republic,Asia,Northern Hemisphere,150,19.063,19.271,19.535,19.75,20.092,20.471,19.027,17.707,16.494,18.568,20.841,20.167,19.506,18.866,17.585,16.376,15.254,14.118,14.805,13.17,12.968,14.93,15.114,15.346,15.592,15.81,15.986,16.131,16.247,16.354,15.43,15.715
TCD,Chad,Africa,Northern Hemisphere,190,64.562,64.48,64.415,64.365,63.77,63.17,62.566,61.957,61.344,60.727,60.105,59.481,58.852,58.219,57.582,56.943,56.301,55.656,55.01,54.36,53.708,53.057,52.403,51.748,51.091,50.433,49.777,49.12,48.462,48.549,46.443,46.914
TGO,Togo,Africa,Northern Hemisphere,162,54.04,54.055,54.1,54.168,54.247,54.329,54.494,54.654,54.81,54.966,55.123,55.157,55.2,55.245,55.282,55.306,55.292,55.281,55.274,55.276,55.292,55.307,55.34,55.393,55.465,55.556,55.652,55.764,55.892,56.035,55.502,55.488
THA,Thailand,Asia,Northern Hemisphere,66,65.614,65.485,65.37,65.265,65.179,66.088,67.011,67.514,65.877,64.277,64.993,65.152,65.154,65.156,65.254,66.283,65.097,65.941,65.76,64.675,63.689,65.923,65.31,62.101,61.539,61.114,60.192,59.404,59.666,59.02,59.205,58.992
TJK,Tajikistan,Asia,Northern Hemisphere,122,31.431,31.414,31.393,31.37,31.348,31.328,31.315,31.303,31.293,31.284,31.274,31.266,31.258,31.251,31.552,30.934,30.292,29.592,28.907,28.697,29.204,29.719,30.24,30.765,31.294,31.828,32.366,31.796,31.277,30.797,30.391,30.21
TKM,Turkmenistan,Asia,Northern Hemisphere,91,40.856,41.383,42.895,43.001,45.021,46.028,45.535,47.025,46.404,44.917,44.497,44.185,44.255,44.041,43.679,42.69,41.933,41.233,40.385,40.101,39.673,39.038,38.635,38.314,38.028,37.884,37.76,37.638,37.534,37.439,36.836,36.54
TLS,Timor-Leste,Asia,Southern Hemisphere,140,63.818,63.406,63.033,62.684,62.339,62,61.591,61.446,61.562,63.839,63.19,62.495,62.978,63.239,63.36,63.327,63.681,63.243,62.765,62.37,62.016,61.835,61.65,61.635,61.523,61.473,61.405,61.662,61.788,61.726,61.083,60.987
TON,Tonga,Oceania,Southern Hemisphere,91,35.752,38.077,40.442,42.836,45.241,44.916,44.561,44.205,43.852,43.509,43.179,42.879,42.601,42.33,42.062,41.795,41.5,41.202,40.902,40.608,40.318,40.024,39.737,39.454,39.176,38.902,38.612,38.328,38.047,38.05,37.466,37.292
TTO,Trinidad and Tobago,America,Northern Hemisphere,57,42.174,42.608,43.615,43.654,44.39,45.1,46.935,47.015,47.098,46.744,47.156,46.768,47.538,49.026,50.929,52.438,53.254,51.869,52.652,51.204,49.722,48.496,50.906,50.547,51.345,49.503,49.725,49.292,49.065,48.869,46.311,46.651
TUN,Tunisia,Africa,Northern Hemisphere,97,22.103,22.26,22.463,22.679,22.915,23.17,23.433,23.703,23.682,23.666,23.654,23.646,23.642,23.639,23.636,23.631,24.427,24.522,24.789,24.839,24.88,24.915,25.845,25.607,25.858,26.107,26.649,26.524,26.478,26.454,25.508,25.493
TUR,Turkey,Asia,Northern Hemisphere,48,34.306,34.376,32.968,27.007,31.51,31.16,30.809,29.058,29.519,30.249,26.825,27.398,28.167,26.834,23.424,23.39,23.178,23.257,24.147,25.654,27.255,28.568,29.219,30.483,30.448,31.608,32.621,33.735,34.31,34.462,30.992,31.843
TUV,Tuvalu,Oceania,Southern Hemisphere,130,,,,,,,,,,,,,,,,,,,,,,,,,,,,,,,,
TZA,Tanzania,Africa,Southern Hemisphere,160,84.187,84.185,84.192,84.206,84.227,84.259,84.263,84.28,84.303,84.328,84.349,84.356,84.941,85.508,86.059,86.592,87.109,86.347,85.551,84.721,83.855,82.953,82.016,81.041,80.028,80.046,80.074,80.106,80.143,80.186,79.366,79.528
UGA,Uganda,Africa,Northern Hemisphere,166,61.96,61.873,62.067,62.262,62.456,62.649,62.84,63.031,63.221,63.409,63.595,63.777,63.957,64.137,64.317,64.499,64.684,64.871,65.059,65.247,65.434,65.616,65.797,65.868,65.945,66.028,66.122,66.23,66.351,66.487,63.083,64.172
UKR,Ukraine,Europe,Northern Hemisphere,77,53.521,53.454,53.389,53.326,53.265,53.205,53.146,53.088,53.03,52.974,52.918,52.864,52.81,52.758,52.706,52.656,52.608,52.715,52.426,52.138,51.85,51.561,51.272,50.982,50.693,50.405,50.118,49.833,49.549,49.265,48.152,48.098
URY,Uruguay,America,Southern Hemisphere,58,43.073,43.536,44.546,43.507,45.08,46.338,47.136,48.224,49.307,48.478,49.028,51.271,49.646,49.355,49.139,49.915,51.678,53.526,54.487,55.204,54.946,56.889,56.53,55.378,56.939,56.335,56.38,56.095,55.988,55.916,54.101,54.778
USA,United States,America,Northern Hemisphere,21,56.539,56.428,56.942,57.058,57.946,58.142,58.443,58.983,58.937,59.112,59.025,58.87,58.706,58.584,58.242,58.326,58.428,58.366,58.525,58.249,57.691,57.18,56.776,56.315,56.093,55.815,55.938,56.184,56.237,56.596,55.39,55.227
UZB,Uzbekistan,Asia,Northern Hemisphere,101,53.749,54.053,55.814,56.399,57.359,57.717,57.747,57.314,56.965,56.55,56.239,55.872,55.529,55.151,54.4,53.724,53.016,52.142,51.364,50.719,50.254,49.772,49.228,48.695,48.228,47.764,47.42,47.205,46.928,46.661,44.838,44.898
VCT,Saint Vincent and the Grenadines,America,Northern Hemisphere,89,43.961,44.286,45.049,45.624,45.72,46.615,46.966,47.526,48.13,48.582,48.897,49.281,50.049,50.921,51.488,51.926,52.73,53.127,53.357,53.237,52.986,52.993,53.181,53.411,53.564,53.687,53.925,54.084,54.335,54.392,52.588,52.913
VEN,Venezuela,America,Northern Hemisphere,120,47.143,48.321,48.993,48.791,48.176,48.568,48.326,49.106,48.947,47.768,48.172,48.53,46.884,45.445,47.978,49.405,49.967,49.679,49.686,49.961,49.56,49.609,49.456,51.079,49.999,48.924,47.865,45.478,42.432,36.167,34.428,34.348
VNM,Viet Nam,Asia,Northern Hemisphere,115,74.311,74.118,73.797,73.508,73.185,72.836,72.5,70.707,70.202,70.338,68.747,69.496,68.99,68.441,67.56,68.547,69.518,70.473,70.959,71.446,71.523,71.52,71.712,72.601,72.636,72.433,71.9,71.41,70.415,70.332,69.664,69.637
VUT,Vanuatu,Oceania,Southern Hemisphere,140,60.767,60.754,60.772,60.877,60.593,60.662,60.651,60.514,60.403,60.476,60.31,60.582,60.956,60.881,60.822,60.702,60.45,60.351,60.206,60.198,60.261,60.325,60.365,60.397,60.416,60.531,60.494,60.412,60.397,60.374,59.553,59.721
WSM,Samoa,Oceania,Southern Hemisphere,111,32.575,32.688,32.728,32.612,32.734,32.524,32.292,32.273,32.202,32.134,31.935,31.77,31.685,31.603,31.523,31.457,31.436,31.333,31.336,31.453,31.458,31.39,31.49,31.508,31.515,31.432,31.284,31.272,31.323,31.268,30.775,30.7
YEM,Yemen,Asia,Northern Hemisphere,183,17.13,17.096,17.081,16.999,17.017,17.844,18.768,19.742,20.757,21.805,20.494,19.225,18.001,16.825,15.7,14.626,13.603,12.633,11.714,10.847,10.032,8.904,7.882,6.958,6.129,6.095,6.089,6.095,6.115,6.138,6.081,5.995
ZAF,South Africa,Africa,Southern Hemisphere,109,44.166,44.325,44.501,44.693,44.906,45.138,45.349,45.569,45.804,46.057,46.327,46.543,46.775,47.014,47.239,47.436,47.581,47.694,47.778,46.12,44.514,44.917,45.114,46.076,46.304,47.564,47.579,48.464,48.37,48.453,44.044,46.212
ZMB,Zambia,Africa,Southern Hemisphere,154,73.507,73.51,73.531,73.563,73.599,73.635,73.648,73.667,73.689,73.714,73.742,73.71,73.683,73.66,73.642,73.628,73.041,72.446,71.842,71.229,70.608,69.977,69.338,69.379,69.433,69.504,69.582,69.681,69.793,69.907,69.241,69.23
ZWE,Zimbabwe,Africa,Southern Hemisphere,146,76.636,76.677,76.747,76.837,76.932,77.025,77.092,77.15,77.206,77.274,77.357,77.415,77.481,77.548,77.603,77.61,77.598,77.582,77.564,77.545,77.527,77.509,78.476,79.411,80.314,80.299,80.28,80.285,80.309,80.339,78.98,79.308
